{"type": "FeatureCollection", "name": "FinalNode", "crs": {"type": "name", "properties": {"name": "urn:ogc:def:crs:OGC:1.3:CRS84"}}, "features": [{"type": "Feature", "properties": {"node_id": 2}, "geometry": {"type": "Point", "coordinates": [116.2745, 39.912782]}}, {"type": "Feature", "properties": {"node_id": 12}, "geometry": {"type": "Point", "coordinates": [116.241708, 39.884238]}}, {"type": "Feature", "properties": {"node_id": 13}, "geometry": {"type": "Point", "coordinates": [116.22629, 39.913415]}}, {"type": "Feature", "properties": {"node_id": 14}, "geometry": {"type": "Point", "coordinates": [116.283062, 39.886641]}}, {"type": "Feature", "properties": {"node_id": 15}, "geometry": {"type": "Point", "coordinates": [116.269034, 39.897054]}}, {"type": "Feature", "properties": {"node_id": 18}, "geometry": {"type": "Point", "coordinates": [116.283427, 39.905594]}}, {"type": "Feature", "properties": {"node_id": 24}, "geometry": {"type": "Point", "coordinates": [116.277006, 39.874529]}}, {"type": "Feature", "properties": {"node_id": 25}, "geometry": {"type": "Point", "coordinates": [116.23946, 39.876513]}}, {"type": "Feature", "properties": {"node_id": 26}, "geometry": {"type": "Point", "coordinates": [116.274897, 39.883584]}}, {"type": "Feature", "properties": {"node_id": 27}, "geometry": {"type": "Point", "coordinates": [116.240581, 39.885735]}}, {"type": "Feature", "properties": {"node_id": 29}, "geometry": {"type": "Point", "coordinates": [116.294885, 39.915491]}}, {"type": "Feature", "properties": {"node_id": 30}, "geometry": {"type": "Point", "coordinates": [116.243535, 39.894024]}}, {"type": "Feature", "properties": {"node_id": 34}, "geometry": {"type": "Point", "coordinates": [116.260311, 39.917675]}}, {"type": "Feature", "properties": {"node_id": 40}, "geometry": {"type": "Point", "coordinates": [116.302084, 39.897295]}}, {"type": "Feature", "properties": {"node_id": 51}, "geometry": {"type": "Point", "coordinates": [116.235002, 39.893175]}}, {"type": "Feature", "properties": {"node_id": 53}, "geometry": {"type": "Point", "coordinates": [116.218437, 39.893261]}}, {"type": "Feature", "properties": {"node_id": 57}, "geometry": {"type": "Point", "coordinates": [116.299579, 39.897225]}}, {"type": "Feature", "properties": {"node_id": 59}, "geometry": {"type": "Point", "coordinates": [116.275766, 39.880558]}}, {"type": "Feature", "properties": {"node_id": 61}, "geometry": {"type": "Point", "coordinates": [116.231328, 39.88147]}}, {"type": "Feature", "properties": {"node_id": 64}, "geometry": {"type": "Point", "coordinates": [116.259909, 39.922642]}}, {"type": "Feature", "properties": {"node_id": 65}, "geometry": {"type": "Point", "coordinates": [116.304879, 39.907278]}}, {"type": "Feature", "properties": {"node_id": 66}, "geometry": {"type": "Point", "coordinates": [116.210943, 39.911741]}}, {"type": "Feature", "properties": {"node_id": 70}, "geometry": {"type": "Point", "coordinates": [116.281045, 39.869663]}}, {"type": "Feature", "properties": {"node_id": 72}, "geometry": {"type": "Point", "coordinates": [116.208883, 39.872705]}}, {"type": "Feature", "properties": {"node_id": 78}, "geometry": {"type": "Point", "coordinates": [116.263788, 39.912831]}}, {"type": "Feature", "properties": {"node_id": 84}, "geometry": {"type": "Point", "coordinates": [116.238977, 39.878107]}}, {"type": "Feature", "properties": {"node_id": 85}, "geometry": {"type": "Point", "coordinates": [116.273406, 39.870457]}}, {"type": "Feature", "properties": {"node_id": 88}, "geometry": {"type": "Point", "coordinates": [116.238108, 39.897134]}}, {"type": "Feature", "properties": {"node_id": 91}, "geometry": {"type": "Point", "coordinates": [116.245141, 39.878766]}}, {"type": "Feature", "properties": {"node_id": 96}, "geometry": {"type": "Point", "coordinates": [116.274715, 39.883616]}}, {"type": "Feature", "properties": {"node_id": 98}, "geometry": {"type": "Point", "coordinates": [116.275793, 39.900235]}}, {"type": "Feature", "properties": {"node_id": 99}, "geometry": {"type": "Point", "coordinates": [116.247303, 39.861525]}}, {"type": "Feature", "properties": {"node_id": 104}, "geometry": {"type": "Point", "coordinates": [116.243607, 39.897215]}}, {"type": "Feature", "properties": {"node_id": 110}, "geometry": {"type": "Point", "coordinates": [116.303286, 39.920636]}}, {"type": "Feature", "properties": {"node_id": 113}, "geometry": {"type": "Point", "coordinates": [116.285213, 39.889603]}}, {"type": "Feature", "properties": {"node_id": 119}, "geometry": {"type": "Point", "coordinates": [116.268176, 39.924289]}}, {"type": "Feature", "properties": {"node_id": 121}, "geometry": {"type": "Point", "coordinates": [116.309922, 39.922862]}}, {"type": "Feature", "properties": {"node_id": 122}, "geometry": {"type": "Point", "coordinates": [116.31012, 39.922428]}}, {"type": "Feature", "properties": {"node_id": 124}, "geometry": {"type": "Point", "coordinates": [116.27736, 39.924391]}}, {"type": "Feature", "properties": {"node_id": 125}, "geometry": {"type": "Point", "coordinates": [116.273728, 39.902011]}}, {"type": "Feature", "properties": {"node_id": 128}, "geometry": {"type": "Point", "coordinates": [116.312716, 39.882189]}}, {"type": "Feature", "properties": {"node_id": 136}, "geometry": {"type": "Point", "coordinates": [116.237749, 39.859186]}}, {"type": "Feature", "properties": {"node_id": 137}, "geometry": {"type": "Point", "coordinates": [116.235984, 39.895031]}}, {"type": "Feature", "properties": {"node_id": 148}, "geometry": {"type": "Point", "coordinates": [116.280316, 39.870511]}}, {"type": "Feature", "properties": {"node_id": 149}, "geometry": {"type": "Point", "coordinates": [116.28657, 39.865157]}}, {"type": "Feature", "properties": {"node_id": 153}, "geometry": {"type": "Point", "coordinates": [116.259888, 39.910073]}}, {"type": "Feature", "properties": {"node_id": 155}, "geometry": {"type": "Point", "coordinates": [116.253177, 39.868944]}}, {"type": "Feature", "properties": {"node_id": 167}, "geometry": {"type": "Point", "coordinates": [116.241171, 39.875365]}}, {"type": "Feature", "properties": {"node_id": 168}, "geometry": {"type": "Point", "coordinates": [116.228919, 39.903609]}}, {"type": "Feature", "properties": {"node_id": 171}, "geometry": {"type": "Point", "coordinates": [116.281523, 39.865152]}}, {"type": "Feature", "properties": {"node_id": 173}, "geometry": {"type": "Point", "coordinates": [116.303161, 39.920319]}}, {"type": "Feature", "properties": {"node_id": 178}, "geometry": {"type": "Point", "coordinates": [116.273873, 39.943585]}}, {"type": "Feature", "properties": {"node_id": 179}, "geometry": {"type": "Point", "coordinates": [116.232701, 39.891357]}}, {"type": "Feature", "properties": {"node_id": 180}, "geometry": {"type": "Point", "coordinates": [116.23313, 39.892231]}}, {"type": "Feature", "properties": {"node_id": 181}, "geometry": {"type": "Point", "coordinates": [116.24122, 39.877179]}}, {"type": "Feature", "properties": {"node_id": 183}, "geometry": {"type": "Point", "coordinates": [116.211018, 39.925308]}}, {"type": "Feature", "properties": {"node_id": 185}, "geometry": {"type": "Point", "coordinates": [116.264576, 39.897134]}}, {"type": "Feature", "properties": {"node_id": 192}, "geometry": {"type": "Point", "coordinates": [116.303425, 39.922283]}}, {"type": "Feature", "properties": {"node_id": 201}, "geometry": {"type": "Point", "coordinates": [116.23902, 39.872399]}}, {"type": "Feature", "properties": {"node_id": 202}, "geometry": {"type": "Point", "coordinates": [116.276442, 39.880548]}}, {"type": "Feature", "properties": {"node_id": 205}, "geometry": {"type": "Point", "coordinates": [116.243843, 39.894162]}}, {"type": "Feature", "properties": {"node_id": 206}, "geometry": {"type": "Point", "coordinates": [116.272666, 39.898277]}}, {"type": "Feature", "properties": {"node_id": 217}, "geometry": {"type": "Point", "coordinates": [116.259196, 39.872216]}}, {"type": "Feature", "properties": {"node_id": 221}, "geometry": {"type": "Point", "coordinates": [116.274313, 39.907729]}}, {"type": "Feature", "properties": {"node_id": 224}, "geometry": {"type": "Point", "coordinates": [116.27413, 39.895605]}}, {"type": "Feature", "properties": {"node_id": 225}, "geometry": {"type": "Point", "coordinates": [116.207842, 39.876878]}}, {"type": "Feature", "properties": {"node_id": 227}, "geometry": {"type": "Point", "coordinates": [116.245844, 39.879147]}}, {"type": "Feature", "properties": {"node_id": 228}, "geometry": {"type": "Point", "coordinates": [116.262548, 39.917669]}}, {"type": "Feature", "properties": {"node_id": 235}, "geometry": {"type": "Point", "coordinates": [116.309788, 39.923007]}}, {"type": "Feature", "properties": {"node_id": 236}, "geometry": {"type": "Point", "coordinates": [116.260371, 39.897032]}}, {"type": "Feature", "properties": {"node_id": 239}, "geometry": {"type": "Point", "coordinates": [116.279296, 39.917696]}}, {"type": "Feature", "properties": {"node_id": 250}, "geometry": {"type": "Point", "coordinates": [116.304799, 39.922449]}}, {"type": "Feature", "properties": {"node_id": 256}, "geometry": {"type": "Point", "coordinates": [116.266781, 39.900219]}}, {"type": "Feature", "properties": {"node_id": 257}, "geometry": {"type": "Point", "coordinates": [116.301956, 39.89722]}}, {"type": "Feature", "properties": {"node_id": 260}, "geometry": {"type": "Point", "coordinates": [116.24528, 39.909242]}}, {"type": "Feature", "properties": {"node_id": 263}, "geometry": {"type": "Point", "coordinates": [116.282842, 39.861708]}}, {"type": "Feature", "properties": {"node_id": 265}, "geometry": {"type": "Point", "coordinates": [116.283207, 39.910674]}}, {"type": "Feature", "properties": {"node_id": 271}, "geometry": {"type": "Point", "coordinates": [116.234058, 39.903749]}}, {"type": "Feature", "properties": {"node_id": 278}, "geometry": {"type": "Point", "coordinates": [116.283427, 39.896523]}}, {"type": "Feature", "properties": {"node_id": 291}, "geometry": {"type": "Point", "coordinates": [116.243301, 39.859895]}}, {"type": "Feature", "properties": {"node_id": 292}, "geometry": {"type": "Point", "coordinates": [116.259974, 39.92437]}}, {"type": "Feature", "properties": {"node_id": 293}, "geometry": {"type": "Point", "coordinates": [116.308623, 39.883916]}}, {"type": "Feature", "properties": {"node_id": 294}, "geometry": {"type": "Point", "coordinates": [116.270043, 39.897424]}}, {"type": "Feature", "properties": {"node_id": 295}, "geometry": {"type": "Point", "coordinates": [116.302111, 39.898706]}}, {"type": "Feature", "properties": {"node_id": 300}, "geometry": {"type": "Point", "coordinates": [116.273288, 39.897059]}}, {"type": "Feature", "properties": {"node_id": 302}, "geometry": {"type": "Point", "coordinates": [116.247592, 39.877833]}}, {"type": "Feature", "properties": {"node_id": 304}, "geometry": {"type": "Point", "coordinates": [116.239085, 39.874593]}}, {"type": "Feature", "properties": {"node_id": 306}, "geometry": {"type": "Point", "coordinates": [116.300496, 39.897241]}}, {"type": "Feature", "properties": {"node_id": 309}, "geometry": {"type": "Point", "coordinates": [116.240581, 39.870709]}}, {"type": "Feature", "properties": {"node_id": 316}, "geometry": {"type": "Point", "coordinates": [116.230659, 39.883169]}}, {"type": "Feature", "properties": {"node_id": 327}, "geometry": {"type": "Point", "coordinates": [116.30158, 39.915969]}}, {"type": "Feature", "properties": {"node_id": 330}, "geometry": {"type": "Point", "coordinates": [116.284865, 39.92622]}}, {"type": "Feature", "properties": {"node_id": 331}, "geometry": {"type": "Point", "coordinates": [116.310126, 39.919616]}}, {"type": "Feature", "properties": {"node_id": 335}, "geometry": {"type": "Point", "coordinates": [116.218212, 39.891105]}}, {"type": "Feature", "properties": {"node_id": 338}, "geometry": {"type": "Point", "coordinates": [116.310587, 39.892971]}}, {"type": "Feature", "properties": {"node_id": 339}, "geometry": {"type": "Point", "coordinates": [116.235801, 39.907976]}}, {"type": "Feature", "properties": {"node_id": 342}, "geometry": {"type": "Point", "coordinates": [116.23571, 39.898556]}}, {"type": "Feature", "properties": {"node_id": 343}, "geometry": {"type": "Point", "coordinates": [116.283465, 39.907729]}}, {"type": "Feature", "properties": {"node_id": 344}, "geometry": {"type": "Point", "coordinates": [116.233286, 39.896748]}}, {"type": "Feature", "properties": {"node_id": 347}, "geometry": {"type": "Point", "coordinates": [116.274329, 39.910111]}}, {"type": "Feature", "properties": {"node_id": 349}, "geometry": {"type": "Point", "coordinates": [116.274624, 39.914177]}}, {"type": "Feature", "properties": {"node_id": 351}, "geometry": {"type": "Point", "coordinates": [116.253037, 39.921451]}}, {"type": "Feature", "properties": {"node_id": 354}, "geometry": {"type": "Point", "coordinates": [116.293163, 39.889624]}}, {"type": "Feature", "properties": {"node_id": 359}, "geometry": {"type": "Point", "coordinates": [116.252673, 39.90384]}}, {"type": "Feature", "properties": {"node_id": 361}, "geometry": {"type": "Point", "coordinates": [116.241171, 39.896877]}}, {"type": "Feature", "properties": {"node_id": 363}, "geometry": {"type": "Point", "coordinates": [116.241193, 39.875763]}}, {"type": "Feature", "properties": {"node_id": 364}, "geometry": {"type": "Point", "coordinates": [116.314245, 39.883058]}}, {"type": "Feature", "properties": {"node_id": 365}, "geometry": {"type": "Point", "coordinates": [116.297079, 39.897183]}}, {"type": "Feature", "properties": {"node_id": 366}, "geometry": {"type": "Point", "coordinates": [116.251171, 39.909108]}}, {"type": "Feature", "properties": {"node_id": 370}, "geometry": {"type": "Point", "coordinates": [116.243848, 39.892816]}}, {"type": "Feature", "properties": {"node_id": 371}, "geometry": {"type": "Point", "coordinates": [116.23136, 39.886228]}}, {"type": "Feature", "properties": {"node_id": 374}, "geometry": {"type": "Point", "coordinates": [116.232395, 39.890616]}}, {"type": "Feature", "properties": {"node_id": 377}, "geometry": {"type": "Point", "coordinates": [116.235614, 39.893567]}}, {"type": "Feature", "properties": {"node_id": 381}, "geometry": {"type": "Point", "coordinates": [116.266969, 39.865441]}}, {"type": "Feature", "properties": {"node_id": 386}, "geometry": {"type": "Point", "coordinates": [116.281243, 39.890981]}}, {"type": "Feature", "properties": {"node_id": 387}, "geometry": {"type": "Point", "coordinates": [116.277907, 39.876696]}}, {"type": "Feature", "properties": {"node_id": 393}, "geometry": {"type": "Point", "coordinates": [116.295744, 39.918581]}}, {"type": "Feature", "properties": {"node_id": 402}, "geometry": {"type": "Point", "coordinates": [116.274661, 39.885075]}}, {"type": "Feature", "properties": {"node_id": 403}, "geometry": {"type": "Point", "coordinates": [116.250554, 39.926676]}}, {"type": "Feature", "properties": {"node_id": 407}, "geometry": {"type": "Point", "coordinates": [116.274291, 39.940468]}}, {"type": "Feature", "properties": {"node_id": 410}, "geometry": {"type": "Point", "coordinates": [116.25352, 39.925619]}}, {"type": "Feature", "properties": {"node_id": 416}, "geometry": {"type": "Point", "coordinates": [116.246745, 39.875569]}}, {"type": "Feature", "properties": {"node_id": 419}, "geometry": {"type": "Point", "coordinates": [116.295631, 39.93203]}}, {"type": "Feature", "properties": {"node_id": 421}, "geometry": {"type": "Point", "coordinates": [116.253923, 39.86955]}}, {"type": "Feature", "properties": {"node_id": 423}, "geometry": {"type": "Point", "coordinates": [116.284875, 39.932078]}}, {"type": "Feature", "properties": {"node_id": 425}, "geometry": {"type": "Point", "coordinates": [116.308623, 39.88037]}}, {"type": "Feature", "properties": {"node_id": 427}, "geometry": {"type": "Point", "coordinates": [116.282161, 39.897054]}}, {"type": "Feature", "properties": {"node_id": 431}, "geometry": {"type": "Point", "coordinates": [116.283985, 39.929734]}}, {"type": "Feature", "properties": {"node_id": 432}, "geometry": {"type": "Point", "coordinates": [116.256025, 39.907386]}}, {"type": "Feature", "properties": {"node_id": 434}, "geometry": {"type": "Point", "coordinates": [116.28708, 39.924246]}}, {"type": "Feature", "properties": {"node_id": 435}, "geometry": {"type": "Point", "coordinates": [116.274243, 39.885805]}}, {"type": "Feature", "properties": {"node_id": 439}, "geometry": {"type": "Point", "coordinates": [116.240683, 39.885735]}}, {"type": "Feature", "properties": {"node_id": 450}, "geometry": {"type": "Point", "coordinates": [116.233977, 39.90471]}}, {"type": "Feature", "properties": {"node_id": 454}, "geometry": {"type": "Point", "coordinates": [116.275412, 39.919836]}}, {"type": "Feature", "properties": {"node_id": 456}, "geometry": {"type": "Point", "coordinates": [116.238135, 39.915792]}}, {"type": "Feature", "properties": {"node_id": 460}, "geometry": {"type": "Point", "coordinates": [116.210948, 39.909939]}}, {"type": "Feature", "properties": {"node_id": 470}, "geometry": {"type": "Point", "coordinates": [116.250618, 39.912605]}}, {"type": "Feature", "properties": {"node_id": 471}, "geometry": {"type": "Point", "coordinates": [116.293646, 39.880939]}}, {"type": "Feature", "properties": {"node_id": 472}, "geometry": {"type": "Point", "coordinates": [116.24638, 39.897081]}}, {"type": "Feature", "properties": {"node_id": 478}, "geometry": {"type": "Point", "coordinates": [116.249899, 39.872238]}}, {"type": "Feature", "properties": {"node_id": 485}, "geometry": {"type": "Point", "coordinates": [116.285197, 39.91798]}}, {"type": "Feature", "properties": {"node_id": 488}, "geometry": {"type": "Point", "coordinates": [116.275546, 39.898207]}}, {"type": "Feature", "properties": {"node_id": 492}, "geometry": {"type": "Point", "coordinates": [116.24741, 39.903835]}}, {"type": "Feature", "properties": {"node_id": 498}, "geometry": {"type": "Point", "coordinates": [116.272462, 39.865296]}}, {"type": "Feature", "properties": {"node_id": 503}, "geometry": {"type": "Point", "coordinates": [116.264453, 39.878064]}}, {"type": "Feature", "properties": {"node_id": 504}, "geometry": {"type": "Point", "coordinates": [116.264619, 39.880794]}}, {"type": "Feature", "properties": {"node_id": 508}, "geometry": {"type": "Point", "coordinates": [116.312625, 39.908051]}}, {"type": "Feature", "properties": {"node_id": 511}, "geometry": {"type": "Point", "coordinates": [116.252796, 39.903835]}}, {"type": "Feature", "properties": {"node_id": 512}, "geometry": {"type": "Point", "coordinates": [116.228796, 39.913431]}}, {"type": "Feature", "properties": {"node_id": 515}, "geometry": {"type": "Point", "coordinates": [116.308581, 39.923844]}}, {"type": "Feature", "properties": {"node_id": 517}, "geometry": {"type": "Point", "coordinates": [116.246251, 39.90737]}}, {"type": "Feature", "properties": {"node_id": 521}, "geometry": {"type": "Point", "coordinates": [116.250688, 39.880135]}}, {"type": "Feature", "properties": {"node_id": 522}, "geometry": {"type": "Point", "coordinates": [116.211688, 39.919649]}}, {"type": "Feature", "properties": {"node_id": 525}, "geometry": {"type": "Point", "coordinates": [116.31107, 39.882511]}}, {"type": "Feature", "properties": {"node_id": 531}, "geometry": {"type": "Point", "coordinates": [116.313961, 39.884217]}}, {"type": "Feature", "properties": {"node_id": 534}, "geometry": {"type": "Point", "coordinates": [116.231376, 39.88316]}}, {"type": "Feature", "properties": {"node_id": 535}, "geometry": {"type": "Point", "coordinates": [116.255451, 39.869706]}}, {"type": "Feature", "properties": {"node_id": 536}, "geometry": {"type": "Point", "coordinates": [116.259898, 39.915974]}}, {"type": "Feature", "properties": {"node_id": 541}, "geometry": {"type": "Point", "coordinates": [116.275214, 39.882232]}}, {"type": "Feature", "properties": {"node_id": 546}, "geometry": {"type": "Point", "coordinates": [116.252683, 39.889485]}}, {"type": "Feature", "properties": {"node_id": 547}, "geometry": {"type": "Point", "coordinates": [116.230485, 39.867292]}}, {"type": "Feature", "properties": {"node_id": 554}, "geometry": {"type": "Point", "coordinates": [116.241059, 39.897145]}}, {"type": "Feature", "properties": {"node_id": 571}, "geometry": {"type": "Point", "coordinates": [116.310394, 39.906635]}}, {"type": "Feature", "properties": {"node_id": 572}, "geometry": {"type": "Point", "coordinates": [116.214821, 39.924761]}}, {"type": "Feature", "properties": {"node_id": 575}, "geometry": {"type": "Point", "coordinates": [116.29842, 39.917508]}}, {"type": "Feature", "properties": {"node_id": 578}, "geometry": {"type": "Point", "coordinates": [116.254336, 39.865779]}}, {"type": "Feature", "properties": {"node_id": 581}, "geometry": {"type": "Point", "coordinates": [116.310399, 39.900525]}}, {"type": "Feature", "properties": {"node_id": 583}, "geometry": {"type": "Point", "coordinates": [116.240678, 39.872029]}}, {"type": "Feature", "properties": {"node_id": 586}, "geometry": {"type": "Point", "coordinates": [116.2402, 39.896737]}}, {"type": "Feature", "properties": {"node_id": 592}, "geometry": {"type": "Point", "coordinates": [116.26104, 39.906554]}}, {"type": "Feature", "properties": {"node_id": 594}, "geometry": {"type": "Point", "coordinates": [116.227224, 39.870559]}}, {"type": "Feature", "properties": {"node_id": 595}, "geometry": {"type": "Point", "coordinates": [116.273513, 39.916886]}}, {"type": "Feature", "properties": {"node_id": 598}, "geometry": {"type": "Point", "coordinates": [116.274919, 39.882999]}}, {"type": "Feature", "properties": {"node_id": 599}, "geometry": {"type": "Point", "coordinates": [116.310592, 39.891883]}}, {"type": "Feature", "properties": {"node_id": 600}, "geometry": {"type": "Point", "coordinates": [116.29657, 39.92511]}}, {"type": "Feature", "properties": {"node_id": 603}, "geometry": {"type": "Point", "coordinates": [116.257324, 39.917573]}}, {"type": "Feature", "properties": {"node_id": 604}, "geometry": {"type": "Point", "coordinates": [116.275343, 39.883578]}}, {"type": "Feature", "properties": {"node_id": 608}, "geometry": {"type": "Point", "coordinates": [116.239396, 39.876615]}}, {"type": "Feature", "properties": {"node_id": 609}, "geometry": {"type": "Point", "coordinates": [116.232578, 39.916848]}}, {"type": "Feature", "properties": {"node_id": 610}, "geometry": {"type": "Point", "coordinates": [116.278669, 39.932357]}}, {"type": "Feature", "properties": {"node_id": 617}, "geometry": {"type": "Point", "coordinates": [116.269968, 39.883632]}}, {"type": "Feature", "properties": {"node_id": 621}, "geometry": {"type": "Point", "coordinates": [116.279296, 39.90023]}}, {"type": "Feature", "properties": {"node_id": 627}, "geometry": {"type": "Point", "coordinates": [116.252812, 39.887908]}}, {"type": "Feature", "properties": {"node_id": 632}, "geometry": {"type": "Point", "coordinates": [116.261765, 39.906554]}}, {"type": "Feature", "properties": {"node_id": 635}, "geometry": {"type": "Point", "coordinates": [116.281126, 39.89722]}}, {"type": "Feature", "properties": {"node_id": 639}, "geometry": {"type": "Point", "coordinates": [116.264673, 39.902343]}}, {"type": "Feature", "properties": {"node_id": 641}, "geometry": {"type": "Point", "coordinates": [116.251176, 39.90384]}}, {"type": "Feature", "properties": {"node_id": 643}, "geometry": {"type": "Point", "coordinates": [116.264684, 39.917578]}}, {"type": "Feature", "properties": {"node_id": 645}, "geometry": {"type": "Point", "coordinates": [116.238629, 39.873525]}}, {"type": "Feature", "properties": {"node_id": 647}, "geometry": {"type": "Point", "coordinates": [116.275563, 39.902869]}}, {"type": "Feature", "properties": {"node_id": 650}, "geometry": {"type": "Point", "coordinates": [116.298367, 39.91746]}}, {"type": "Feature", "properties": {"node_id": 655}, "geometry": {"type": "Point", "coordinates": [116.245978, 39.87919]}}, {"type": "Feature", "properties": {"node_id": 658}, "geometry": {"type": "Point", "coordinates": [116.30997, 39.908958]}}, {"type": "Feature", "properties": {"node_id": 662}, "geometry": {"type": "Point", "coordinates": [116.251278, 39.92423]}}, {"type": "Feature", "properties": {"node_id": 666}, "geometry": {"type": "Point", "coordinates": [116.264716, 39.879201]}}, {"type": "Feature", "properties": {"node_id": 667}, "geometry": {"type": "Point", "coordinates": [116.278846, 39.897054]}}, {"type": "Feature", "properties": {"node_id": 675}, "geometry": {"type": "Point", "coordinates": [116.310405, 39.890493]}}, {"type": "Feature", "properties": {"node_id": 678}, "geometry": {"type": "Point", "coordinates": [116.274125, 39.896882]}}, {"type": "Feature", "properties": {"node_id": 680}, "geometry": {"type": "Point", "coordinates": [116.254979, 39.864894]}}, {"type": "Feature", "properties": {"node_id": 688}, "geometry": {"type": "Point", "coordinates": [116.27369, 39.89059]}}, {"type": "Feature", "properties": {"node_id": 689}, "geometry": {"type": "Point", "coordinates": [116.296001, 39.924225]}}, {"type": "Feature", "properties": {"node_id": 691}, "geometry": {"type": "Point", "coordinates": [116.231076, 39.883165]}}, {"type": "Feature", "properties": {"node_id": 696}, "geometry": {"type": "Point", "coordinates": [116.256127, 39.896759]}}, {"type": "Feature", "properties": {"node_id": 697}, "geometry": {"type": "Point", "coordinates": [116.283325, 39.912954]}}, {"type": "Feature", "properties": {"node_id": 701}, "geometry": {"type": "Point", "coordinates": [116.297074, 39.897075]}}, {"type": "Feature", "properties": {"node_id": 702}, "geometry": {"type": "Point", "coordinates": [116.277365, 39.917685]}}, {"type": "Feature", "properties": {"node_id": 703}, "geometry": {"type": "Point", "coordinates": [116.290647, 39.897199]}}, {"type": "Feature", "properties": {"node_id": 706}, "geometry": {"type": "Point", "coordinates": [116.284285, 39.883101]}}, {"type": "Feature", "properties": {"node_id": 707}, "geometry": {"type": "Point", "coordinates": [116.244599, 39.897231]}}, {"type": "Feature", "properties": {"node_id": 714}, "geometry": {"type": "Point", "coordinates": [116.2745, 39.916055]}}, {"type": "Feature", "properties": {"node_id": 717}, "geometry": {"type": "Point", "coordinates": [116.273868, 39.890203]}}, {"type": "Feature", "properties": {"node_id": 719}, "geometry": {"type": "Point", "coordinates": [116.284806, 39.924455]}}, {"type": "Feature", "properties": {"node_id": 728}, "geometry": {"type": "Point", "coordinates": [116.282354, 39.910535]}}, {"type": "Feature", "properties": {"node_id": 734}, "geometry": {"type": "Point", "coordinates": [116.27435, 39.90024]}}, {"type": "Feature", "properties": {"node_id": 737}, "geometry": {"type": "Point", "coordinates": [116.274125, 39.905058]}}, {"type": "Feature", "properties": {"node_id": 740}, "geometry": {"type": "Point", "coordinates": [116.278744, 39.900235]}}, {"type": "Feature", "properties": {"node_id": 747}, "geometry": {"type": "Point", "coordinates": [116.264743, 39.883616]}}, {"type": "Feature", "properties": {"node_id": 748}, "geometry": {"type": "Point", "coordinates": [116.244025, 39.887376]}}, {"type": "Feature", "properties": {"node_id": 751}, "geometry": {"type": "Point", "coordinates": [116.281957, 39.867941]}}, {"type": "Feature", "properties": {"node_id": 753}, "geometry": {"type": "Point", "coordinates": [116.253917, 39.868944]}}, {"type": "Feature", "properties": {"node_id": 767}, "geometry": {"type": "Point", "coordinates": [116.310131, 39.920604]}}, {"type": "Feature", "properties": {"node_id": 770}, "geometry": {"type": "Point", "coordinates": [116.303253, 39.920325]}}, {"type": "Feature", "properties": {"node_id": 772}, "geometry": {"type": "Point", "coordinates": [116.300336, 39.901045]}}, {"type": "Feature", "properties": {"node_id": 775}, "geometry": {"type": "Point", "coordinates": [116.274404, 39.911731]}}, {"type": "Feature", "properties": {"node_id": 776}, "geometry": {"type": "Point", "coordinates": [116.252834, 39.88021]}}, {"type": "Feature", "properties": {"node_id": 777}, "geometry": {"type": "Point", "coordinates": [116.241171, 39.874518]}}, {"type": "Feature", "properties": {"node_id": 781}, "geometry": {"type": "Point", "coordinates": [116.231033, 39.875296]}}, {"type": "Feature", "properties": {"node_id": 782}, "geometry": {"type": "Point", "coordinates": [116.230893, 39.87123]}}, {"type": "Feature", "properties": {"node_id": 783}, "geometry": {"type": "Point", "coordinates": [116.275166, 39.932266]}}, {"type": "Feature", "properties": {"node_id": 787}, "geometry": {"type": "Point", "coordinates": [116.277955, 39.861697]}}, {"type": "Feature", "properties": {"node_id": 789}, "geometry": {"type": "Point", "coordinates": [116.269973, 39.881073]}}, {"type": "Feature", "properties": {"node_id": 791}, "geometry": {"type": "Point", "coordinates": [116.263568, 39.896909]}}, {"type": "Feature", "properties": {"node_id": 794}, "geometry": {"type": "Point", "coordinates": [116.283518, 39.907423]}}, {"type": "Feature", "properties": {"node_id": 795}, "geometry": {"type": "Point", "coordinates": [116.296548, 39.923114]}}, {"type": "Feature", "properties": {"node_id": 796}, "geometry": {"type": "Point", "coordinates": [116.283972, 39.929392]}}, {"type": "Feature", "properties": {"node_id": 798}, "geometry": {"type": "Point", "coordinates": [116.213378, 39.865967]}}, {"type": "Feature", "properties": {"node_id": 801}, "geometry": {"type": "Point", "coordinates": [116.218099, 39.889249]}}, {"type": "Feature", "properties": {"node_id": 802}, "geometry": {"type": "Point", "coordinates": [116.25043, 39.897016]}}, {"type": "Feature", "properties": {"node_id": 810}, "geometry": {"type": "Point", "coordinates": [116.283438, 39.910663]}}, {"type": "Feature", "properties": {"node_id": 815}, "geometry": {"type": "Point", "coordinates": [116.244862, 39.889726]}}, {"type": "Feature", "properties": {"node_id": 816}, "geometry": {"type": "Point", "coordinates": [116.288131, 39.897188]}}, {"type": "Feature", "properties": {"node_id": 818}, "geometry": {"type": "Point", "coordinates": [116.235807, 39.893819]}}, {"type": "Feature", "properties": {"node_id": 820}, "geometry": {"type": "Point", "coordinates": [116.247448, 39.87212]}}, {"type": "Feature", "properties": {"node_id": 824}, "geometry": {"type": "Point", "coordinates": [116.280653, 39.870269]}}, {"type": "Feature", "properties": {"node_id": 826}, "geometry": {"type": "Point", "coordinates": [116.243676, 39.889511]}}, {"type": "Feature", "properties": {"node_id": 827}, "geometry": {"type": "Point", "coordinates": [116.274307, 39.90613]}}, {"type": "Feature", "properties": {"node_id": 830}, "geometry": {"type": "Point", "coordinates": [116.302111, 39.897349]}}, {"type": "Feature", "properties": {"node_id": 835}, "geometry": {"type": "Point", "coordinates": [116.279865, 39.871814]}}, {"type": "Feature", "properties": {"node_id": 839}, "geometry": {"type": "Point", "coordinates": [116.222568, 39.896743]}}, {"type": "Feature", "properties": {"node_id": 849}, "geometry": {"type": "Point", "coordinates": [116.266009, 39.869685]}}, {"type": "Feature", "properties": {"node_id": 851}, "geometry": {"type": "Point", "coordinates": [116.270836, 39.917648]}}, {"type": "Feature", "properties": {"node_id": 854}, "geometry": {"type": "Point", "coordinates": [116.235587, 39.90391]}}, {"type": "Feature", "properties": {"node_id": 855}, "geometry": {"type": "Point", "coordinates": [116.259915, 39.917583]}}, {"type": "Feature", "properties": {"node_id": 858}, "geometry": {"type": "Point", "coordinates": [116.269077, 39.896775]}}, {"type": "Feature", "properties": {"node_id": 870}, "geometry": {"type": "Point", "coordinates": [116.213378, 39.924981]}}, {"type": "Feature", "properties": {"node_id": 876}, "geometry": {"type": "Point", "coordinates": [116.305963, 39.907557]}}, {"type": "Feature", "properties": {"node_id": 877}, "geometry": {"type": "Point", "coordinates": [116.221387, 39.90745]}}, {"type": "Feature", "properties": {"node_id": 879}, "geometry": {"type": "Point", "coordinates": [116.272462, 39.924305]}}, {"type": "Feature", "properties": {"node_id": 881}, "geometry": {"type": "Point", "coordinates": [116.257141, 39.865892]}}, {"type": "Feature", "properties": {"node_id": 882}, "geometry": {"type": "Point", "coordinates": [116.293313, 39.923989]}}, {"type": "Feature", "properties": {"node_id": 886}, "geometry": {"type": "Point", "coordinates": [116.309943, 39.932282]}}, {"type": "Feature", "properties": {"node_id": 889}, "geometry": {"type": "Point", "coordinates": [116.267478, 39.865527]}}, {"type": "Feature", "properties": {"node_id": 891}, "geometry": {"type": "Point", "coordinates": [116.278695, 39.872823]}}, {"type": "Feature", "properties": {"node_id": 896}, "geometry": {"type": "Point", "coordinates": [116.241064, 39.872313]}}, {"type": "Feature", "properties": {"node_id": 897}, "geometry": {"type": "Point", "coordinates": [116.282054, 39.914483]}}, {"type": "Feature", "properties": {"node_id": 903}, "geometry": {"type": "Point", "coordinates": [116.215197, 39.864937]}}, {"type": "Feature", "properties": {"node_id": 905}, "geometry": {"type": "Point", "coordinates": [116.278711, 39.907509]}}, {"type": "Feature", "properties": {"node_id": 906}, "geometry": {"type": "Point", "coordinates": [116.283427, 39.900235]}}, {"type": "Feature", "properties": {"node_id": 913}, "geometry": {"type": "Point", "coordinates": [116.252694, 39.880204]}}, {"type": "Feature", "properties": {"node_id": 914}, "geometry": {"type": "Point", "coordinates": [116.276791, 39.878504]}}, {"type": "Feature", "properties": {"node_id": 915}, "geometry": {"type": "Point", "coordinates": [116.27515, 39.930914]}}, {"type": "Feature", "properties": {"node_id": 916}, "geometry": {"type": "Point", "coordinates": [116.31063, 39.888143]}}, {"type": "Feature", "properties": {"node_id": 917}, "geometry": {"type": "Point", "coordinates": [116.254454, 39.896893]}}, {"type": "Feature", "properties": {"node_id": 919}, "geometry": {"type": "Point", "coordinates": [116.274576, 39.917616]}}, {"type": "Feature", "properties": {"node_id": 922}, "geometry": {"type": "Point", "coordinates": [116.294912, 39.901533]}}, {"type": "Feature", "properties": {"node_id": 925}, "geometry": {"type": "Point", "coordinates": [116.261272, 39.896764]}}, {"type": "Feature", "properties": {"node_id": 935}, "geometry": {"type": "Point", "coordinates": [116.24064, 39.870666]}}, {"type": "Feature", "properties": {"node_id": 938}, "geometry": {"type": "Point", "coordinates": [116.275875, 39.862318]}}, {"type": "Feature", "properties": {"node_id": 940}, "geometry": {"type": "Point", "coordinates": [116.301886, 39.89722]}}, {"type": "Feature", "properties": {"node_id": 941}, "geometry": {"type": "Point", "coordinates": [116.210857, 39.869384]}}, {"type": "Feature", "properties": {"node_id": 943}, "geometry": {"type": "Point", "coordinates": [116.246643, 39.877581]}}, {"type": "Feature", "properties": {"node_id": 946}, "geometry": {"type": "Point", "coordinates": [116.289113, 39.919477]}}, {"type": "Feature", "properties": {"node_id": 950}, "geometry": {"type": "Point", "coordinates": [116.218871, 39.896539]}}, {"type": "Feature", "properties": {"node_id": 951}, "geometry": {"type": "Point", "coordinates": [116.25919, 39.872147]}}, {"type": "Feature", "properties": {"node_id": 964}, "geometry": {"type": "Point", "coordinates": [116.275418, 39.927202]}}, {"type": "Feature", "properties": {"node_id": 969}, "geometry": {"type": "Point", "coordinates": [116.293294, 39.865699]}}, {"type": "Feature", "properties": {"node_id": 974}, "geometry": {"type": "Point", "coordinates": [116.253027, 39.904172]}}, {"type": "Feature", "properties": {"node_id": 976}, "geometry": {"type": "Point", "coordinates": [116.302326, 39.923876]}}, {"type": "Feature", "properties": {"node_id": 979}, "geometry": {"type": "Point", "coordinates": [116.310914, 39.884818]}}, {"type": "Feature", "properties": {"node_id": 981}, "geometry": {"type": "Point", "coordinates": [116.24837, 39.897027]}}, {"type": "Feature", "properties": {"node_id": 984}, "geometry": {"type": "Point", "coordinates": [116.236075, 39.893889]}}, {"type": "Feature", "properties": {"node_id": 991}, "geometry": {"type": "Point", "coordinates": [116.297655, 39.916072]}}, {"type": "Feature", "properties": {"node_id": 992}, "geometry": {"type": "Point", "coordinates": [116.307438, 39.906956]}}, {"type": "Feature", "properties": {"node_id": 997}, "geometry": {"type": "Point", "coordinates": [116.235871, 39.893964]}}, {"type": "Feature", "properties": {"node_id": 998}, "geometry": {"type": "Point", "coordinates": [116.230705, 39.869384]}}, {"type": "Feature", "properties": {"node_id": 1009}, "geometry": {"type": "Point", "coordinates": [116.299483, 39.907445]}}, {"type": "Feature", "properties": {"node_id": 1010}, "geometry": {"type": "Point", "coordinates": [116.252807, 39.892859]}}, {"type": "Feature", "properties": {"node_id": 1017}, "geometry": {"type": "Point", "coordinates": [116.289296, 39.865699]}}, {"type": "Feature", "properties": {"node_id": 1023}, "geometry": {"type": "Point", "coordinates": [116.280541, 39.873649]}}, {"type": "Feature", "properties": {"node_id": 1027}, "geometry": {"type": "Point", "coordinates": [116.284725, 39.907515]}}, {"type": "Feature", "properties": {"node_id": 1030}, "geometry": {"type": "Point", "coordinates": [116.264608, 39.9034]}}, {"type": "Feature", "properties": {"node_id": 1031}, "geometry": {"type": "Point", "coordinates": [116.303597, 39.920646]}}, {"type": "Feature", "properties": {"node_id": 1035}, "geometry": {"type": "Point", "coordinates": [116.260006, 39.897166]}}, {"type": "Feature", "properties": {"node_id": 1039}, "geometry": {"type": "Point", "coordinates": [116.239133, 39.89714]}}, {"type": "Feature", "properties": {"node_id": 1040}, "geometry": {"type": "Point", "coordinates": [116.288019, 39.897054]}}, {"type": "Feature", "properties": {"node_id": 1044}, "geometry": {"type": "Point", "coordinates": [116.236939, 39.897124]}}, {"type": "Feature", "properties": {"node_id": 1060}, "geometry": {"type": "Point", "coordinates": [116.257136, 39.868933]}}, {"type": "Feature", "properties": {"node_id": 1064}, "geometry": {"type": "Point", "coordinates": [116.26005, 39.91007]}}, {"type": "Feature", "properties": {"node_id": 1067}, "geometry": {"type": "Point", "coordinates": [116.29084, 39.865806]}}, {"type": "Feature", "properties": {"node_id": 1071}, "geometry": {"type": "Point", "coordinates": [116.253021, 39.886008]}}, {"type": "Feature", "properties": {"node_id": 1072}, "geometry": {"type": "Point", "coordinates": [116.306135, 39.882468]}}, {"type": "Feature", "properties": {"node_id": 1077}, "geometry": {"type": "Point", "coordinates": [116.310501, 39.885955]}}, {"type": "Feature", "properties": {"node_id": 1081}, "geometry": {"type": "Point", "coordinates": [116.227036, 39.90745]}}, {"type": "Feature", "properties": {"node_id": 1086}, "geometry": {"type": "Point", "coordinates": [116.23652, 39.90738]}}, {"type": "Feature", "properties": {"node_id": 1091}, "geometry": {"type": "Point", "coordinates": [116.218673, 39.895225]}}, {"type": "Feature", "properties": {"node_id": 1092}, "geometry": {"type": "Point", "coordinates": [116.304026, 39.924048]}}, {"type": "Feature", "properties": {"node_id": 1099}, "geometry": {"type": "Point", "coordinates": [116.232561, 39.890477]}}, {"type": "Feature", "properties": {"node_id": 1103}, "geometry": {"type": "Point", "coordinates": [116.272376, 39.883627]}}, {"type": "Feature", "properties": {"node_id": 1104}, "geometry": {"type": "Point", "coordinates": [116.231413, 39.884936]}}, {"type": "Feature", "properties": {"node_id": 1114}, "geometry": {"type": "Point", "coordinates": [116.284886, 39.924305]}}, {"type": "Feature", "properties": {"node_id": 1121}, "geometry": {"type": "Point", "coordinates": [116.25271, 39.872227]}}, {"type": "Feature", "properties": {"node_id": 1122}, "geometry": {"type": "Point", "coordinates": [116.301269, 39.901045]}}, {"type": "Feature", "properties": {"node_id": 1123}, "geometry": {"type": "Point", "coordinates": [116.25278, 39.924015]}}, {"type": "Feature", "properties": {"node_id": 1126}, "geometry": {"type": "Point", "coordinates": [116.278556, 39.907729]}}, {"type": "Feature", "properties": {"node_id": 1130}, "geometry": {"type": "Point", "coordinates": [116.29591, 39.91856]}}, {"type": "Feature", "properties": {"node_id": 1131}, "geometry": {"type": "Point", "coordinates": [116.275015, 39.920416]}}, {"type": "Feature", "properties": {"node_id": 1132}, "geometry": {"type": "Point", "coordinates": [116.235818, 39.902456]}}, {"type": "Feature", "properties": {"node_id": 1140}, "geometry": {"type": "Point", "coordinates": [116.275262, 39.871364]}}, {"type": "Feature", "properties": {"node_id": 1141}, "geometry": {"type": "Point", "coordinates": [116.283159, 39.866166]}}, {"type": "Feature", "properties": {"node_id": 1152}, "geometry": {"type": "Point", "coordinates": [116.279296, 39.87234]}}, {"type": "Feature", "properties": {"node_id": 1153}, "geometry": {"type": "Point", "coordinates": [116.235973, 39.896759]}}, {"type": "Feature", "properties": {"node_id": 1156}, "geometry": {"type": "Point", "coordinates": [116.256106, 39.8649]}}, {"type": "Feature", "properties": {"node_id": 1166}, "geometry": {"type": "Point", "coordinates": [116.244224, 39.889511]}}, {"type": "Feature", "properties": {"node_id": 1170}, "geometry": {"type": "Point", "coordinates": [116.293475, 39.879458]}}, {"type": "Feature", "properties": {"node_id": 1173}, "geometry": {"type": "Point", "coordinates": [116.298098, 39.924203]}}, {"type": "Feature", "properties": {"node_id": 1176}, "geometry": {"type": "Point", "coordinates": [116.253053, 39.870125]}}, {"type": "Feature", "properties": {"node_id": 1180}, "geometry": {"type": "Point", "coordinates": [116.275353, 39.874148]}}, {"type": "Feature", "properties": {"node_id": 1182}, "geometry": {"type": "Point", "coordinates": [116.263938, 39.896802]}}, {"type": "Feature", "properties": {"node_id": 1186}, "geometry": {"type": "Point", "coordinates": [116.275101, 39.924316]}}, {"type": "Feature", "properties": {"node_id": 1200}, "geometry": {"type": "Point", "coordinates": [116.273905, 39.911216]}}, {"type": "Feature", "properties": {"node_id": 1207}, "geometry": {"type": "Point", "coordinates": [116.228758, 39.892097]}}, {"type": "Feature", "properties": {"node_id": 1210}, "geometry": {"type": "Point", "coordinates": [116.274109, 39.893245]}}, {"type": "Feature", "properties": {"node_id": 1211}, "geometry": {"type": "Point", "coordinates": [116.274227, 39.936278]}}, {"type": "Feature", "properties": {"node_id": 1212}, "geometry": {"type": "Point", "coordinates": [116.278706, 39.874003]}}, {"type": "Feature", "properties": {"node_id": 1214}, "geometry": {"type": "Point", "coordinates": [116.23592, 39.90745]}}, {"type": "Feature", "properties": {"node_id": 1219}, "geometry": {"type": "Point", "coordinates": [116.28192, 39.909623]}}, {"type": "Feature", "properties": {"node_id": 1221}, "geometry": {"type": "Point", "coordinates": [116.280235, 39.876331]}}, {"type": "Feature", "properties": {"node_id": 1223}, "geometry": {"type": "Point", "coordinates": [116.211469, 39.92247]}}, {"type": "Feature", "properties": {"node_id": 1224}, "geometry": {"type": "Point", "coordinates": [116.257994, 39.865785]}}, {"type": "Feature", "properties": {"node_id": 1227}, "geometry": {"type": "Point", "coordinates": [116.243183, 39.897193]}}, {"type": "Feature", "properties": {"node_id": 1237}, "geometry": {"type": "Point", "coordinates": [116.272832, 39.897054]}}, {"type": "Feature", "properties": {"node_id": 1242}, "geometry": {"type": "Point", "coordinates": [116.270676, 39.897043]}}, {"type": "Feature", "properties": {"node_id": 1243}, "geometry": {"type": "Point", "coordinates": [116.264646, 39.885815]}}, {"type": "Feature", "properties": {"node_id": 1254}, "geometry": {"type": "Point", "coordinates": [116.252791, 39.914]}}, {"type": "Feature", "properties": {"node_id": 1256}, "geometry": {"type": "Point", "coordinates": [116.277331, 39.907724]}}, {"type": "Feature", "properties": {"node_id": 1258}, "geometry": {"type": "Point", "coordinates": [116.264555, 39.870301]}}, {"type": "Feature", "properties": {"node_id": 1259}, "geometry": {"type": "Point", "coordinates": [116.266336, 39.91415]}}, {"type": "Feature", "properties": {"node_id": 1261}, "geometry": {"type": "Point", "coordinates": [116.302106, 39.89913]}}, {"type": "Feature", "properties": {"node_id": 1262}, "geometry": {"type": "Point", "coordinates": [116.232958, 39.891941]}}, {"type": "Feature", "properties": {"node_id": 1270}, "geometry": {"type": "Point", "coordinates": [116.310142, 39.917567]}}, {"type": "Feature", "properties": {"node_id": 1273}, "geometry": {"type": "Point", "coordinates": [116.236678, 39.893691]}}, {"type": "Feature", "properties": {"node_id": 1274}, "geometry": {"type": "Point", "coordinates": [116.23593, 39.894195]}}, {"type": "Feature", "properties": {"node_id": 1275}, "geometry": {"type": "Point", "coordinates": [116.211023, 39.897177]}}, {"type": "Feature", "properties": {"node_id": 1276}, "geometry": {"type": "Point", "coordinates": [116.285915, 39.921501]}}, {"type": "Feature", "properties": {"node_id": 1284}, "geometry": {"type": "Point", "coordinates": [116.225947, 39.90745]}}, {"type": "Feature", "properties": {"node_id": 1285}, "geometry": {"type": "Point", "coordinates": [116.264437, 39.86719]}}, {"type": "Feature", "properties": {"node_id": 1292}, "geometry": {"type": "Point", "coordinates": [116.230281, 39.872098]}}, {"type": "Feature", "properties": {"node_id": 1293}, "geometry": {"type": "Point", "coordinates": [116.24483, 39.883675]}}, {"type": "Feature", "properties": {"node_id": 1296}, "geometry": {"type": "Point", "coordinates": [116.246681, 39.876438]}}, {"type": "Feature", "properties": {"node_id": 1307}, "geometry": {"type": "Point", "coordinates": [116.269393, 39.907396]}}, {"type": "Feature", "properties": {"node_id": 1309}, "geometry": {"type": "Point", "coordinates": [116.285085, 39.877844]}}, {"type": "Feature", "properties": {"node_id": 1318}, "geometry": {"type": "Point", "coordinates": [116.257324, 39.897145]}}, {"type": "Feature", "properties": {"node_id": 1319}, "geometry": {"type": "Point", "coordinates": [116.267006, 39.896904]}}, {"type": "Feature", "properties": {"node_id": 1321}, "geometry": {"type": "Point", "coordinates": [116.254448, 39.897022]}}, {"type": "Feature", "properties": {"node_id": 1322}, "geometry": {"type": "Point", "coordinates": [116.250613, 39.910358]}}, {"type": "Feature", "properties": {"node_id": 1323}, "geometry": {"type": "Point", "coordinates": [116.227031, 39.91333]}}, {"type": "Feature", "properties": {"node_id": 1328}, "geometry": {"type": "Point", "coordinates": [116.235206, 39.893272]}}, {"type": "Feature", "properties": {"node_id": 1338}, "geometry": {"type": "Point", "coordinates": [116.288705, 39.865447]}}, {"type": "Feature", "properties": {"node_id": 1340}, "geometry": {"type": "Point", "coordinates": [116.273932, 39.905782]}}, {"type": "Feature", "properties": {"node_id": 1341}, "geometry": {"type": "Point", "coordinates": [116.252769, 39.922701]}}, {"type": "Feature", "properties": {"node_id": 1343}, "geometry": {"type": "Point", "coordinates": [116.264684, 39.91621]}}, {"type": "Feature", "properties": {"node_id": 1352}, "geometry": {"type": "Point", "coordinates": [116.242958, 39.90738]}}, {"type": "Feature", "properties": {"node_id": 1356}, "geometry": {"type": "Point", "coordinates": [116.299026, 39.880526]}}, {"type": "Feature", "properties": {"node_id": 1358}, "geometry": {"type": "Point", "coordinates": [116.264458, 39.879963]}}, {"type": "Feature", "properties": {"node_id": 1361}, "geometry": {"type": "Point", "coordinates": [116.277424, 39.883493]}}, {"type": "Feature", "properties": {"node_id": 1362}, "geometry": {"type": "Point", "coordinates": [116.261636, 39.885842]}}, {"type": "Feature", "properties": {"node_id": 1368}, "geometry": {"type": "Point", "coordinates": [116.25712, 39.872211]}}, {"type": "Feature", "properties": {"node_id": 1373}, "geometry": {"type": "Point", "coordinates": [116.296543, 39.926853]}}, {"type": "Feature", "properties": {"node_id": 1374}, "geometry": {"type": "Point", "coordinates": [116.273792, 39.886878]}}, {"type": "Feature", "properties": {"node_id": 1376}, "geometry": {"type": "Point", "coordinates": [116.251342, 39.897016]}}, {"type": "Feature", "properties": {"node_id": 1379}, "geometry": {"type": "Point", "coordinates": [116.295073, 39.917294]}}, {"type": "Feature", "properties": {"node_id": 1380}, "geometry": {"type": "Point", "coordinates": [116.288062, 39.907423]}}, {"type": "Feature", "properties": {"node_id": 1383}, "geometry": {"type": "Point", "coordinates": [116.283336, 39.909993]}}, {"type": "Feature", "properties": {"node_id": 1387}, "geometry": {"type": "Point", "coordinates": [116.264678, 39.889485]}}, {"type": "Feature", "properties": {"node_id": 1388}, "geometry": {"type": "Point", "coordinates": [116.296194, 39.930946]}}, {"type": "Feature", "properties": {"node_id": 1389}, "geometry": {"type": "Point", "coordinates": [116.273696, 39.900514]}}, {"type": "Feature", "properties": {"node_id": 1391}, "geometry": {"type": "Point", "coordinates": [116.275235, 39.917707]}}, {"type": "Feature", "properties": {"node_id": 1393}, "geometry": {"type": "Point", "coordinates": [116.294928, 39.88963]}}, {"type": "Feature", "properties": {"node_id": 1405}, "geometry": {"type": "Point", "coordinates": [116.305791, 39.907552]}}, {"type": "Feature", "properties": {"node_id": 1406}, "geometry": {"type": "Point", "coordinates": [116.282247, 39.86484]}}, {"type": "Feature", "properties": {"node_id": 1416}, "geometry": {"type": "Point", "coordinates": [116.286195, 39.88441]}}, {"type": "Feature", "properties": {"node_id": 1418}, "geometry": {"type": "Point", "coordinates": [116.242695, 39.897188]}}, {"type": "Feature", "properties": {"node_id": 1421}, "geometry": {"type": "Point", "coordinates": [116.24527, 39.907455]}}, {"type": "Feature", "properties": {"node_id": 1613}, "geometry": {"type": "Point", "coordinates": [116.279296, 39.897059]}}, {"type": "Feature", "properties": {"node_id": 1424}, "geometry": {"type": "Point", "coordinates": [116.285766, 39.896941]}}, {"type": "Feature", "properties": {"node_id": 1425}, "geometry": {"type": "Point", "coordinates": [116.267532, 39.880961]}}, {"type": "Feature", "properties": {"node_id": 1429}, "geometry": {"type": "Point", "coordinates": [116.27721, 39.876862]}}, {"type": "Feature", "properties": {"node_id": 1430}, "geometry": {"type": "Point", "coordinates": [116.262548, 39.9176]}}, {"type": "Feature", "properties": {"node_id": 1437}, "geometry": {"type": "Point", "coordinates": [116.311209, 39.897467]}}, {"type": "Feature", "properties": {"node_id": 1443}, "geometry": {"type": "Point", "coordinates": [116.307545, 39.907992]}}, {"type": "Feature", "properties": {"node_id": 1444}, "geometry": {"type": "Point", "coordinates": [116.287085, 39.865264]}}, {"type": "Feature", "properties": {"node_id": 1451}, "geometry": {"type": "Point", "coordinates": [116.235845, 39.898728]}}, {"type": "Feature", "properties": {"node_id": 1452}, "geometry": {"type": "Point", "coordinates": [116.309986, 39.910422]}}, {"type": "Feature", "properties": {"node_id": 1466}, "geometry": {"type": "Point", "coordinates": [116.241053, 39.872007]}}, {"type": "Feature", "properties": {"node_id": 1467}, "geometry": {"type": "Point", "coordinates": [116.273342, 39.915545]}}, {"type": "Feature", "properties": {"node_id": 1473}, "geometry": {"type": "Point", "coordinates": [116.294081, 39.865516]}}, {"type": "Feature", "properties": {"node_id": 1474}, "geometry": {"type": "Point", "coordinates": [116.211018, 39.899559]}}, {"type": "Feature", "properties": {"node_id": 1477}, "geometry": {"type": "Point", "coordinates": [116.283035, 39.86409]}}, {"type": "Feature", "properties": {"node_id": 1478}, "geometry": {"type": "Point", "coordinates": [116.282697, 39.859771]}}, {"type": "Feature", "properties": {"node_id": 1485}, "geometry": {"type": "Point", "coordinates": [116.285321, 39.907418]}}, {"type": "Feature", "properties": {"node_id": 1488}, "geometry": {"type": "Point", "coordinates": [116.291018, 39.897065]}}, {"type": "Feature", "properties": {"node_id": 1489}, "geometry": {"type": "Point", "coordinates": [116.253016, 39.902601]}}, {"type": "Feature", "properties": {"node_id": 1494}, "geometry": {"type": "Point", "coordinates": [116.264614, 39.900369]}}, {"type": "Feature", "properties": {"node_id": 1497}, "geometry": {"type": "Point", "coordinates": [116.238462, 39.903829]}}, {"type": "Feature", "properties": {"node_id": 1501}, "geometry": {"type": "Point", "coordinates": [116.282155, 39.9324]}}, {"type": "Feature", "properties": {"node_id": 1509}, "geometry": {"type": "Point", "coordinates": [116.25278, 39.916033]}}, {"type": "Feature", "properties": {"node_id": 1512}, "geometry": {"type": "Point", "coordinates": [116.289821, 39.878879]}}, {"type": "Feature", "properties": {"node_id": 1515}, "geometry": {"type": "Point", "coordinates": [116.273513, 39.873123]}}, {"type": "Feature", "properties": {"node_id": 1517}, "geometry": {"type": "Point", "coordinates": [116.255961, 39.897016]}}, {"type": "Feature", "properties": {"node_id": 1520}, "geometry": {"type": "Point", "coordinates": [116.283245, 39.914241]}}, {"type": "Feature", "properties": {"node_id": 1521}, "geometry": {"type": "Point", "coordinates": [116.264698, 39.877581]}}, {"type": "Feature", "properties": {"node_id": 1522}, "geometry": {"type": "Point", "coordinates": [116.273884, 39.894372]}}, {"type": "Feature", "properties": {"node_id": 1527}, "geometry": {"type": "Point", "coordinates": [116.258992, 39.924278]}}, {"type": "Feature", "properties": {"node_id": 1528}, "geometry": {"type": "Point", "coordinates": [116.23982, 39.857813]}}, {"type": "Feature", "properties": {"node_id": 1530}, "geometry": {"type": "Point", "coordinates": [116.271641, 39.920856]}}, {"type": "Feature", "properties": {"node_id": 1534}, "geometry": {"type": "Point", "coordinates": [116.264185, 39.91311]}}, {"type": "Feature", "properties": {"node_id": 1543}, "geometry": {"type": "Point", "coordinates": [116.246525, 39.896914]}}, {"type": "Feature", "properties": {"node_id": 1544}, "geometry": {"type": "Point", "coordinates": [116.294901, 39.903915]}}, {"type": "Feature", "properties": {"node_id": 1548}, "geometry": {"type": "Point", "coordinates": [116.253027, 39.884206]}}, {"type": "Feature", "properties": {"node_id": 1552}, "geometry": {"type": "Point", "coordinates": [116.253021, 39.92593]}}, {"type": "Feature", "properties": {"node_id": 1554}, "geometry": {"type": "Point", "coordinates": [116.252775, 39.923361]}}, {"type": "Feature", "properties": {"node_id": 1562}, "geometry": {"type": "Point", "coordinates": [116.264689, 39.909778]}}, {"type": "Feature", "properties": {"node_id": 1563}, "geometry": {"type": "Point", "coordinates": [116.281893, 39.864932]}}, {"type": "Feature", "properties": {"node_id": 1593}, "geometry": {"type": "Point", "coordinates": [116.275702, 39.896732]}}, {"type": "Feature", "properties": {"node_id": 1597}, "geometry": {"type": "Point", "coordinates": [116.249535, 39.91246]}}, {"type": "Feature", "properties": {"node_id": 1601}, "geometry": {"type": "Point", "coordinates": [116.275466, 39.922111]}}, {"type": "Feature", "properties": {"node_id": 1606}, "geometry": {"type": "Point", "coordinates": [116.310022, 39.903194]}}, {"type": "Feature", "properties": {"node_id": 1607}, "geometry": {"type": "Point", "coordinates": [116.268031, 39.870613]}}, {"type": "Feature", "properties": {"node_id": 1614}, "geometry": {"type": "Point", "coordinates": [116.292267, 39.879228]}}, {"type": "Feature", "properties": {"node_id": 1616}, "geometry": {"type": "Point", "coordinates": [116.252995, 39.915754]}}, {"type": "Feature", "properties": {"node_id": 1621}, "geometry": {"type": "Point", "coordinates": [116.243773, 39.891099]}}, {"type": "Feature", "properties": {"node_id": 1622}, "geometry": {"type": "Point", "coordinates": [116.30879, 39.883852]}}, {"type": "Feature", "properties": {"node_id": 1630}, "geometry": {"type": "Point", "coordinates": [116.259931, 39.920421]}}, {"type": "Feature", "properties": {"node_id": 1632}, "geometry": {"type": "Point", "coordinates": [116.230303, 39.89214]}}, {"type": "Feature", "properties": {"node_id": 1639}, "geometry": {"type": "Point", "coordinates": [116.274769, 39.865103]}}, {"type": "Feature", "properties": {"node_id": 1648}, "geometry": {"type": "Point", "coordinates": [116.264689, 39.912868]}}, {"type": "Feature", "properties": {"node_id": 1651}, "geometry": {"type": "Point", "coordinates": [116.26875, 39.87079]}}, {"type": "Feature", "properties": {"node_id": 1653}, "geometry": {"type": "Point", "coordinates": [116.303812, 39.922358]}}, {"type": "Feature", "properties": {"node_id": 1656}, "geometry": {"type": "Point", "coordinates": [116.236681, 39.893749]}}, {"type": "Feature", "properties": {"node_id": 1657}, "geometry": {"type": "Point", "coordinates": [116.273615, 39.894591]}}, {"type": "Feature", "properties": {"node_id": 1658}, "geometry": {"type": "Point", "coordinates": [116.23614, 39.896753]}}, {"type": "Feature", "properties": {"node_id": 1668}, "geometry": {"type": "Point", "coordinates": [116.274157, 39.909671]}}, {"type": "Feature", "properties": {"node_id": 1671}, "geometry": {"type": "Point", "coordinates": [116.271636, 39.920362]}}, {"type": "Feature", "properties": {"node_id": 1672}, "geometry": {"type": "Point", "coordinates": [116.252694, 39.880108]}}, {"type": "Feature", "properties": {"node_id": 1675}, "geometry": {"type": "Point", "coordinates": [116.281018, 39.907509]}}, {"type": "Feature", "properties": {"node_id": 1679}, "geometry": {"type": "Point", "coordinates": [116.278175, 39.896914]}}, {"type": "Feature", "properties": {"node_id": 1680}, "geometry": {"type": "Point", "coordinates": [116.27413, 39.902343]}}, {"type": "Feature", "properties": {"node_id": 1689}, "geometry": {"type": "Point", "coordinates": [116.27501, 39.944706]}}, {"type": "Feature", "properties": {"node_id": 1692}, "geometry": {"type": "Point", "coordinates": [116.238489, 39.896888]}}, {"type": "Feature", "properties": {"node_id": 1699}, "geometry": {"type": "Point", "coordinates": [116.226328, 39.907375]}}, {"type": "Feature", "properties": {"node_id": 1700}, "geometry": {"type": "Point", "coordinates": [116.277102, 39.897048]}}, {"type": "Feature", "properties": {"node_id": 1705}, "geometry": {"type": "Point", "coordinates": [116.262318, 39.872216]}}, {"type": "Feature", "properties": {"node_id": 1709}, "geometry": {"type": "Point", "coordinates": [116.23755, 39.918195]}}, {"type": "Feature", "properties": {"node_id": 1712}, "geometry": {"type": "Point", "coordinates": [116.274758, 39.946256]}}, {"type": "Feature", "properties": {"node_id": 1716}, "geometry": {"type": "Point", "coordinates": [116.23696, 39.916918]}}, {"type": "Feature", "properties": {"node_id": 1717}, "geometry": {"type": "Point", "coordinates": [116.259593, 39.866294]}}, {"type": "Feature", "properties": {"node_id": 1725}, "geometry": {"type": "Point", "coordinates": [116.276458, 39.907402]}}, {"type": "Feature", "properties": {"node_id": 1727}, "geometry": {"type": "Point", "coordinates": [116.284908, 39.932153]}}, {"type": "Feature", "properties": {"node_id": 1728}, "geometry": {"type": "Point", "coordinates": [116.247373, 39.914263]}}, {"type": "Feature", "properties": {"node_id": 1730}, "geometry": {"type": "Point", "coordinates": [116.269624, 39.865323]}}, {"type": "Feature", "properties": {"node_id": 1735}, "geometry": {"type": "Point", "coordinates": [116.227803, 39.924847]}}, {"type": "Feature", "properties": {"node_id": 1742}, "geometry": {"type": "Point", "coordinates": [116.292761, 39.880977]}}, {"type": "Feature", "properties": {"node_id": 1749}, "geometry": {"type": "Point", "coordinates": [116.309997, 39.905964]}}, {"type": "Feature", "properties": {"node_id": 1754}, "geometry": {"type": "Point", "coordinates": [116.28738, 39.907515]}}, {"type": "Feature", "properties": {"node_id": 1758}, "geometry": {"type": "Point", "coordinates": [116.240576, 39.884018]}}, {"type": "Feature", "properties": {"node_id": 1760}, "geometry": {"type": "Point", "coordinates": [116.264619, 39.879802]}}, {"type": "Feature", "properties": {"node_id": 1761}, "geometry": {"type": "Point", "coordinates": [116.250806, 39.907364]}}, {"type": "Feature", "properties": {"node_id": 1763}, "geometry": {"type": "Point", "coordinates": [116.284865, 39.930034]}}, {"type": "Feature", "properties": {"node_id": 1765}, "geometry": {"type": "Point", "coordinates": [116.253016, 39.895048]}}, {"type": "Feature", "properties": {"node_id": 1771}, "geometry": {"type": "Point", "coordinates": [116.211045, 39.914086]}}, {"type": "Feature", "properties": {"node_id": 1782}, "geometry": {"type": "Point", "coordinates": [116.235984, 39.894946]}}, {"type": "Feature", "properties": {"node_id": 1788}, "geometry": {"type": "Point", "coordinates": [116.310399, 39.891357]}}, {"type": "Feature", "properties": {"node_id": 1792}, "geometry": {"type": "Point", "coordinates": [116.235705, 39.900144]}}, {"type": "Feature", "properties": {"node_id": 1793}, "geometry": {"type": "Point", "coordinates": [116.217611, 39.865484]}}, {"type": "Feature", "properties": {"node_id": 1794}, "geometry": {"type": "Point", "coordinates": [116.288239, 39.896946]}}, {"type": "Feature", "properties": {"node_id": 1795}, "geometry": {"type": "Point", "coordinates": [116.235721, 39.89369]}}, {"type": "Feature", "properties": {"node_id": 1797}, "geometry": {"type": "Point", "coordinates": [116.253107, 39.896888]}}, {"type": "Feature", "properties": {"node_id": 1805}, "geometry": {"type": "Point", "coordinates": [116.26897, 39.870747]}}, {"type": "Feature", "properties": {"node_id": 1807}, "geometry": {"type": "Point", "coordinates": [116.261803, 39.872147]}}, {"type": "Feature", "properties": {"node_id": 1811}, "geometry": {"type": "Point", "coordinates": [116.296623, 39.918324]}}, {"type": "Feature", "properties": {"node_id": 1817}, "geometry": {"type": "Point", "coordinates": [116.283325, 39.900235]}}, {"type": "Feature", "properties": {"node_id": 1823}, "geometry": {"type": "Point", "coordinates": [116.252769, 39.917557]}}, {"type": "Feature", "properties": {"node_id": 1841}, "geometry": {"type": "Point", "coordinates": [116.264684, 39.914166]}}, {"type": "Feature", "properties": {"node_id": 1843}, "geometry": {"type": "Point", "coordinates": [116.280203, 39.890418]}}, {"type": "Feature", "properties": {"node_id": 1844}, "geometry": {"type": "Point", "coordinates": [116.264528, 39.88757]}}, {"type": "Feature", "properties": {"node_id": 1847}, "geometry": {"type": "Point", "coordinates": [116.30467, 39.923774]}}, {"type": "Feature", "properties": {"node_id": 1854}, "geometry": {"type": "Point", "coordinates": [116.275536, 39.865168]}}, {"type": "Feature", "properties": {"node_id": 1862}, "geometry": {"type": "Point", "coordinates": [116.284264, 39.884533]}}, {"type": "Feature", "properties": {"node_id": 1865}, "geometry": {"type": "Point", "coordinates": [116.277708, 39.88677]}}, {"type": "Feature", "properties": {"node_id": 1873}, "geometry": {"type": "Point", "coordinates": [116.293437, 39.917305]}}, {"type": "Feature", "properties": {"node_id": 1874}, "geometry": {"type": "Point", "coordinates": [116.310099, 39.927127]}}, {"type": "Feature", "properties": {"node_id": 1877}, "geometry": {"type": "Point", "coordinates": [116.234058, 39.903824]}}, {"type": "Feature", "properties": {"node_id": 1880}, "geometry": {"type": "Point", "coordinates": [116.232803, 39.916307]}}, {"type": "Feature", "properties": {"node_id": 1881}, "geometry": {"type": "Point", "coordinates": [116.279296, 39.92423]}}, {"type": "Feature", "properties": {"node_id": 1882}, "geometry": {"type": "Point", "coordinates": [116.26423, 39.91335]}}, {"type": "Feature", "properties": {"node_id": 1885}, "geometry": {"type": "Point", "coordinates": [116.277601, 39.87448]}}, {"type": "Feature", "properties": {"node_id": 1889}, "geometry": {"type": "Point", "coordinates": [116.274045, 39.914617]}}, {"type": "Feature", "properties": {"node_id": 1891}, "geometry": {"type": "Point", "coordinates": [116.309938, 39.921151]}}, {"type": "Feature", "properties": {"node_id": 1892}, "geometry": {"type": "Point", "coordinates": [116.268358, 39.865463]}}, {"type": "Feature", "properties": {"node_id": 1893}, "geometry": {"type": "Point", "coordinates": [116.218882, 39.896662]}}, {"type": "Feature", "properties": {"node_id": 1895}, "geometry": {"type": "Point", "coordinates": [116.250618, 39.91208]}}, {"type": "Feature", "properties": {"node_id": 1903}, "geometry": {"type": "Point", "coordinates": [116.235995, 39.895911]}}, {"type": "Feature", "properties": {"node_id": 1906}, "geometry": {"type": "Point", "coordinates": [116.239117, 39.896764]}}, {"type": "Feature", "properties": {"node_id": 1909}, "geometry": {"type": "Point", "coordinates": [116.24711, 39.874083]}}, {"type": "Feature", "properties": {"node_id": 1912}, "geometry": {"type": "Point", "coordinates": [116.276223, 39.907509]}}, {"type": "Feature", "properties": {"node_id": 1913}, "geometry": {"type": "Point", "coordinates": [116.271759, 39.900235]}}, {"type": "Feature", "properties": {"node_id": 1914}, "geometry": {"type": "Point", "coordinates": [116.280519, 39.876573]}}, {"type": "Feature", "properties": {"node_id": 1918}, "geometry": {"type": "Point", "coordinates": [116.231431, 39.903749]}}, {"type": "Feature", "properties": {"node_id": 1922}, "geometry": {"type": "Point", "coordinates": [116.247539, 39.907455]}}, {"type": "Feature", "properties": {"node_id": 1930}, "geometry": {"type": "Point", "coordinates": [116.310018, 39.903974]}}, {"type": "Feature", "properties": {"node_id": 1932}, "geometry": {"type": "Point", "coordinates": [116.273894, 39.899275]}}, {"type": "Feature", "properties": {"node_id": 1934}, "geometry": {"type": "Point", "coordinates": [116.244546, 39.876717]}}, {"type": "Feature", "properties": {"node_id": 1935}, "geometry": {"type": "Point", "coordinates": [116.235823, 39.90745]}}, {"type": "Feature", "properties": {"node_id": 1936}, "geometry": {"type": "Point", "coordinates": [116.282381, 39.91068]}}, {"type": "Feature", "properties": {"node_id": 1937}, "geometry": {"type": "Point", "coordinates": [116.241209, 39.876326]}}, {"type": "Feature", "properties": {"node_id": 1939}, "geometry": {"type": "Point", "coordinates": [116.236161, 39.894779]}}, {"type": "Feature", "properties": {"node_id": 1948}, "geometry": {"type": "Point", "coordinates": [116.294901, 39.897231]}}, {"type": "Feature", "properties": {"node_id": 1952}, "geometry": {"type": "Point", "coordinates": [116.228345, 39.896877]}}, {"type": "Feature", "properties": {"node_id": 1956}, "geometry": {"type": "Point", "coordinates": [116.284897, 39.924144]}}, {"type": "Feature", "properties": {"node_id": 1961}, "geometry": {"type": "Point", "coordinates": [116.242915, 39.907455]}}, {"type": "Feature", "properties": {"node_id": 1977}, "geometry": {"type": "Point", "coordinates": [116.230764, 39.90738]}}, {"type": "Feature", "properties": {"node_id": 1982}, "geometry": {"type": "Point", "coordinates": [116.291431, 39.86572]}}, {"type": "Feature", "properties": {"node_id": 2405}, "geometry": {"type": "Point", "coordinates": [116.277065, 39.875135]}}, {"type": "Feature", "properties": {"node_id": 1984}, "geometry": {"type": "Point", "coordinates": [116.268058, 39.866246]}}, {"type": "Feature", "properties": {"node_id": 1991}, "geometry": {"type": "Point", "coordinates": [116.253037, 39.907375]}}, {"type": "Feature", "properties": {"node_id": 1994}, "geometry": {"type": "Point", "coordinates": [116.241155, 39.874158]}}, {"type": "Feature", "properties": {"node_id": 1995}, "geometry": {"type": "Point", "coordinates": [116.236172, 39.924901]}}, {"type": "Feature", "properties": {"node_id": 2009}, "geometry": {"type": "Point", "coordinates": [116.310399, 39.898416]}}, {"type": "Feature", "properties": {"node_id": 2014}, "geometry": {"type": "Point", "coordinates": [116.239417, 39.857271]}}, {"type": "Feature", "properties": {"node_id": 2020}, "geometry": {"type": "Point", "coordinates": [116.288475, 39.895638]}}, {"type": "Feature", "properties": {"node_id": 2034}, "geometry": {"type": "Point", "coordinates": [116.272306, 39.914628]}}, {"type": "Feature", "properties": {"node_id": 2036}, "geometry": {"type": "Point", "coordinates": [116.302111, 39.897472]}}, {"type": "Feature", "properties": {"node_id": 2043}, "geometry": {"type": "Point", "coordinates": [116.231542, 39.888873]}}, {"type": "Feature", "properties": {"node_id": 2045}, "geometry": {"type": "Point", "coordinates": [116.244224, 39.889656]}}, {"type": "Feature", "properties": {"node_id": 2046}, "geometry": {"type": "Point", "coordinates": [116.286109, 39.883729]}}, {"type": "Feature", "properties": {"node_id": 2049}, "geometry": {"type": "Point", "coordinates": [116.275117, 39.927298]}}, {"type": "Feature", "properties": {"node_id": 2050}, "geometry": {"type": "Point", "coordinates": [116.275353, 39.88309]}}, {"type": "Feature", "properties": {"node_id": 2052}, "geometry": {"type": "Point", "coordinates": [116.25712, 39.872141]}}, {"type": "Feature", "properties": {"node_id": 2054}, "geometry": {"type": "Point", "coordinates": [116.2647, 39.900047]}}, {"type": "Feature", "properties": {"node_id": 2056}, "geometry": {"type": "Point", "coordinates": [116.235694, 39.902113]}}, {"type": "Feature", "properties": {"node_id": 2063}, "geometry": {"type": "Point", "coordinates": [116.27375, 39.908341]}}, {"type": "Feature", "properties": {"node_id": 2064}, "geometry": {"type": "Point", "coordinates": [116.264576, 39.865988]}}, {"type": "Feature", "properties": {"node_id": 2074}, "geometry": {"type": "Point", "coordinates": [116.28332, 39.901946]}}, {"type": "Feature", "properties": {"node_id": 2077}, "geometry": {"type": "Point", "coordinates": [116.253005, 39.919268]}}, {"type": "Feature", "properties": {"node_id": 2078}, "geometry": {"type": "Point", "coordinates": [116.279613, 39.90023]}}, {"type": "Feature", "properties": {"node_id": 2079}, "geometry": {"type": "Point", "coordinates": [116.264662, 39.88757]}}, {"type": "Feature", "properties": {"node_id": 2081}, "geometry": {"type": "Point", "coordinates": [116.302191, 39.90863]}}, {"type": "Feature", "properties": {"node_id": 2082}, "geometry": {"type": "Point", "coordinates": [116.241198, 39.876379]}}, {"type": "Feature", "properties": {"node_id": 2085}, "geometry": {"type": "Point", "coordinates": [116.27368, 39.91032]}}, {"type": "Feature", "properties": {"node_id": 2086}, "geometry": {"type": "Point", "coordinates": [116.276094, 39.923736]}}, {"type": "Feature", "properties": {"node_id": 2090}, "geometry": {"type": "Point", "coordinates": [116.293433, 39.917258]}}, {"type": "Feature", "properties": {"node_id": 2093}, "geometry": {"type": "Point", "coordinates": [116.264662, 39.891357]}}, {"type": "Feature", "properties": {"node_id": 2094}, "geometry": {"type": "Point", "coordinates": [116.257324, 39.865522]}}, {"type": "Feature", "properties": {"node_id": 2096}, "geometry": {"type": "Point", "coordinates": [116.228828, 39.91361]}}, {"type": "Feature", "properties": {"node_id": 2100}, "geometry": {"type": "Point", "coordinates": [116.252989, 39.911039]}}, {"type": "Feature", "properties": {"node_id": 2104}, "geometry": {"type": "Point", "coordinates": [116.283432, 39.897247]}}, {"type": "Feature", "properties": {"node_id": 2105}, "geometry": {"type": "Point", "coordinates": [116.293694, 39.924139]}}, {"type": "Feature", "properties": {"node_id": 2113}, "geometry": {"type": "Point", "coordinates": [116.286898, 39.867635]}}, {"type": "Feature", "properties": {"node_id": 2117}, "geometry": {"type": "Point", "coordinates": [116.291747, 39.9193]}}, {"type": "Feature", "properties": {"node_id": 2119}, "geometry": {"type": "Point", "coordinates": [116.273894, 39.910733]}}, {"type": "Feature", "properties": {"node_id": 2121}, "geometry": {"type": "Point", "coordinates": [116.310603, 39.889978]}}, {"type": "Feature", "properties": {"node_id": 2130}, "geometry": {"type": "Point", "coordinates": [116.26455, 39.870189]}}, {"type": "Feature", "properties": {"node_id": 2132}, "geometry": {"type": "Point", "coordinates": [116.208583, 39.873842]}}, {"type": "Feature", "properties": {"node_id": 2134}, "geometry": {"type": "Point", "coordinates": [116.293936, 39.897166]}}, {"type": "Feature", "properties": {"node_id": 2137}, "geometry": {"type": "Point", "coordinates": [116.29805, 39.932293]}}, {"type": "Feature", "properties": {"node_id": 2138}, "geometry": {"type": "Point", "coordinates": [116.295084, 39.90244]}}, {"type": "Feature", "properties": {"node_id": 2146}, "geometry": {"type": "Point", "coordinates": [116.274736, 39.898679]}}, {"type": "Feature", "properties": {"node_id": 2152}, "geometry": {"type": "Point", "coordinates": [116.311649, 39.884249]}}, {"type": "Feature", "properties": {"node_id": 2156}, "geometry": {"type": "Point", "coordinates": [116.273846, 39.912906]}}, {"type": "Feature", "properties": {"node_id": 2159}, "geometry": {"type": "Point", "coordinates": [116.263788, 39.912857]}}, {"type": "Feature", "properties": {"node_id": 2160}, "geometry": {"type": "Point", "coordinates": [116.275724, 39.882538]}}, {"type": "Feature", "properties": {"node_id": 2167}, "geometry": {"type": "Point", "coordinates": [116.253027, 39.909129]}}, {"type": "Feature", "properties": {"node_id": 2168}, "geometry": {"type": "Point", "coordinates": [116.229557, 39.897134]}}, {"type": "Feature", "properties": {"node_id": 2170}, "geometry": {"type": "Point", "coordinates": [116.302176, 39.914166]}}, {"type": "Feature", "properties": {"node_id": 2171}, "geometry": {"type": "Point", "coordinates": [116.263198, 39.897027]}}, {"type": "Feature", "properties": {"node_id": 2176}, "geometry": {"type": "Point", "coordinates": [116.302202, 39.907552]}}, {"type": "Feature", "properties": {"node_id": 2177}, "geometry": {"type": "Point", "coordinates": [116.246407, 39.877522]}}, {"type": "Feature", "properties": {"node_id": 2179}, "geometry": {"type": "Point", "coordinates": [116.273326, 39.896045]}}, {"type": "Feature", "properties": {"node_id": 2180}, "geometry": {"type": "Point", "coordinates": [116.270483, 39.896914]}}, {"type": "Feature", "properties": {"node_id": 2184}, "geometry": {"type": "Point", "coordinates": [116.278604, 39.897327]}}, {"type": "Feature", "properties": {"node_id": 2187}, "geometry": {"type": "Point", "coordinates": [116.25756, 39.924466]}}, {"type": "Feature", "properties": {"node_id": 2188}, "geometry": {"type": "Point", "coordinates": [116.235297, 39.903904]}}, {"type": "Feature", "properties": {"node_id": 2190}, "geometry": {"type": "Point", "coordinates": [116.286962, 39.912847]}}, {"type": "Feature", "properties": {"node_id": 2195}, "geometry": {"type": "Point", "coordinates": [116.253059, 39.877329]}}, {"type": "Feature", "properties": {"node_id": 2196}, "geometry": {"type": "Point", "coordinates": [116.302111, 39.89788]}}, {"type": "Feature", "properties": {"node_id": 2199}, "geometry": {"type": "Point", "coordinates": [116.274281, 39.881488]}}, {"type": "Feature", "properties": {"node_id": 2200}, "geometry": {"type": "Point", "coordinates": [116.275874, 39.88029]}}, {"type": "Feature", "properties": {"node_id": 2201}, "geometry": {"type": "Point", "coordinates": [116.283421, 39.903818]}}, {"type": "Feature", "properties": {"node_id": 2206}, "geometry": {"type": "Point", "coordinates": [116.24534, 39.913035]}}, {"type": "Feature", "properties": {"node_id": 2210}, "geometry": {"type": "Point", "coordinates": [116.255591, 39.868939]}}, {"type": "Feature", "properties": {"node_id": 2223}, "geometry": {"type": "Point", "coordinates": [116.261341, 39.866536]}}, {"type": "Feature", "properties": {"node_id": 2235}, "geometry": {"type": "Point", "coordinates": [116.27736, 39.917605]}}, {"type": "Feature", "properties": {"node_id": 2243}, "geometry": {"type": "Point", "coordinates": [116.252791, 39.902606]}}, {"type": "Feature", "properties": {"node_id": 2247}, "geometry": {"type": "Point", "coordinates": [116.231193, 39.865495]}}, {"type": "Feature", "properties": {"node_id": 2248}, "geometry": {"type": "Point", "coordinates": [116.273926, 39.908974]}}, {"type": "Feature", "properties": {"node_id": 2249}, "geometry": {"type": "Point", "coordinates": [116.249529, 39.912573]}}, {"type": "Feature", "properties": {"node_id": 2251}, "geometry": {"type": "Point", "coordinates": [116.244052, 39.891094]}}, {"type": "Feature", "properties": {"node_id": 2253}, "geometry": {"type": "Point", "coordinates": [116.252812, 39.886014]}}, {"type": "Feature", "properties": {"node_id": 2255}, "geometry": {"type": "Point", "coordinates": [116.304117, 39.932276]}}, {"type": "Feature", "properties": {"node_id": 2269}, "geometry": {"type": "Point", "coordinates": [116.279114, 39.859562]}}, {"type": "Feature", "properties": {"node_id": 2270}, "geometry": {"type": "Point", "coordinates": [116.274833, 39.931515]}}, {"type": "Feature", "properties": {"node_id": 2275}, "geometry": {"type": "Point", "coordinates": [116.283475, 39.921355]}}, {"type": "Feature", "properties": {"node_id": 2277}, "geometry": {"type": "Point", "coordinates": [116.274136, 39.891239]}}, {"type": "Feature", "properties": {"node_id": 2278}, "geometry": {"type": "Point", "coordinates": [116.282703, 39.877232]}}, {"type": "Feature", "properties": {"node_id": 2281}, "geometry": {"type": "Point", "coordinates": [116.240125, 39.889517]}}, {"type": "Feature", "properties": {"node_id": 2286}, "geometry": {"type": "Point", "coordinates": [116.252796, 39.909596]}}, {"type": "Feature", "properties": {"node_id": 2287}, "geometry": {"type": "Point", "coordinates": [116.252791, 39.909065]}}, {"type": "Feature", "properties": {"node_id": 2288}, "geometry": {"type": "Point", "coordinates": [116.281142, 39.890434]}}, {"type": "Feature", "properties": {"node_id": 2289}, "geometry": {"type": "Point", "coordinates": [116.271196, 39.896796]}}, {"type": "Feature", "properties": {"node_id": 2290}, "geometry": {"type": "Point", "coordinates": [116.243827, 39.889511]}}, {"type": "Feature", "properties": {"node_id": 2297}, "geometry": {"type": "Point", "coordinates": [116.294933, 39.896818]}}, {"type": "Feature", "properties": {"node_id": 2298}, "geometry": {"type": "Point", "coordinates": [116.262393, 39.866471]}}, {"type": "Feature", "properties": {"node_id": 2299}, "geometry": {"type": "Point", "coordinates": [116.243312, 39.897199]}}, {"type": "Feature", "properties": {"node_id": 2301}, "geometry": {"type": "Point", "coordinates": [116.264684, 39.917669]}}, {"type": "Feature", "properties": {"node_id": 2302}, "geometry": {"type": "Point", "coordinates": [116.267575, 39.91333]}}, {"type": "Feature", "properties": {"node_id": 2307}, "geometry": {"type": "Point", "coordinates": [116.26184, 39.907182]}}, {"type": "Feature", "properties": {"node_id": 2310}, "geometry": {"type": "Point", "coordinates": [116.285476, 39.91798]}}, {"type": "Feature", "properties": {"node_id": 2317}, "geometry": {"type": "Point", "coordinates": [116.309938, 39.932153]}}, {"type": "Feature", "properties": {"node_id": 2320}, "geometry": {"type": "Point", "coordinates": [116.295749, 39.918297]}}, {"type": "Feature", "properties": {"node_id": 2323}, "geometry": {"type": "Point", "coordinates": [116.22393, 39.907375]}}, {"type": "Feature", "properties": {"node_id": 2324}, "geometry": {"type": "Point", "coordinates": [116.303629, 39.907734]}}, {"type": "Feature", "properties": {"node_id": 2325}, "geometry": {"type": "Point", "coordinates": [116.2672, 39.914729]}}, {"type": "Feature", "properties": {"node_id": 2328}, "geometry": {"type": "Point", "coordinates": [116.264705, 39.899554]}}, {"type": "Feature", "properties": {"node_id": 2333}, "geometry": {"type": "Point", "coordinates": [116.271748, 39.897032]}}, {"type": "Feature", "properties": {"node_id": 2340}, "geometry": {"type": "Point", "coordinates": [116.253171, 39.869942]}}, {"type": "Feature", "properties": {"node_id": 2345}, "geometry": {"type": "Point", "coordinates": [116.282987, 39.863392]}}, {"type": "Feature", "properties": {"node_id": 2349}, "geometry": {"type": "Point", "coordinates": [116.285385, 39.897054]}}, {"type": "Feature", "properties": {"node_id": 2350}, "geometry": {"type": "Point", "coordinates": [116.261095, 39.897124]}}, {"type": "Feature", "properties": {"node_id": 2352}, "geometry": {"type": "Point", "coordinates": [116.264485, 39.883852]}}, {"type": "Feature", "properties": {"node_id": 2354}, "geometry": {"type": "Point", "coordinates": [116.252812, 39.884211]}}, {"type": "Feature", "properties": {"node_id": 2362}, "geometry": {"type": "Point", "coordinates": [116.253011, 39.894329]}}, {"type": "Feature", "properties": {"node_id": 2364}, "geometry": {"type": "Point", "coordinates": [116.272644, 39.920646]}}, {"type": "Feature", "properties": {"node_id": 2365}, "geometry": {"type": "Point", "coordinates": [116.263283, 39.86799]}}, {"type": "Feature", "properties": {"node_id": 2366}, "geometry": {"type": "Point", "coordinates": [116.238698, 39.857792]}}, {"type": "Feature", "properties": {"node_id": 2369}, "geometry": {"type": "Point", "coordinates": [116.282032, 39.924203]}}, {"type": "Feature", "properties": {"node_id": 2371}, "geometry": {"type": "Point", "coordinates": [116.301392, 39.924031]}}, {"type": "Feature", "properties": {"node_id": 2374}, "geometry": {"type": "Point", "coordinates": [116.23894, 39.876261]}}, {"type": "Feature", "properties": {"node_id": 2376}, "geometry": {"type": "Point", "coordinates": [116.28333, 39.916795]}}, {"type": "Feature", "properties": {"node_id": 2377}, "geometry": {"type": "Point", "coordinates": [116.271523, 39.9243]}}, {"type": "Feature", "properties": {"node_id": 2381}, "geometry": {"type": "Point", "coordinates": [116.297525, 39.922921]}}, {"type": "Feature", "properties": {"node_id": 2382}, "geometry": {"type": "Point", "coordinates": [116.31339, 39.884011]}}, {"type": "Feature", "properties": {"node_id": 2383}, "geometry": {"type": "Point", "coordinates": [116.297565, 39.928531]}}, {"type": "Feature", "properties": {"node_id": 2384}, "geometry": {"type": "Point", "coordinates": [116.28347, 39.88308]}}, {"type": "Feature", "properties": {"node_id": 2387}, "geometry": {"type": "Point", "coordinates": [116.237293, 39.897129]}}, {"type": "Feature", "properties": {"node_id": 2403}, "geometry": {"type": "Point", "coordinates": [116.310421, 39.893449]}}, {"type": "Feature", "properties": {"node_id": 2406}, "geometry": {"type": "Point", "coordinates": [116.237406, 39.897134]}}, {"type": "Feature", "properties": {"node_id": 2409}, "geometry": {"type": "Point", "coordinates": [116.290326, 39.889613]}}, {"type": "Feature", "properties": {"node_id": 2411}, "geometry": {"type": "Point", "coordinates": [116.25307, 39.873998]}}, {"type": "Feature", "properties": {"node_id": 2413}, "geometry": {"type": "Point", "coordinates": [116.240646, 39.87028]}}, {"type": "Feature", "properties": {"node_id": 2414}, "geometry": {"type": "Point", "coordinates": [116.264426, 39.874749]}}, {"type": "Feature", "properties": {"node_id": 2415}, "geometry": {"type": "Point", "coordinates": [116.270123, 39.897322]}}, {"type": "Feature", "properties": {"node_id": 2416}, "geometry": {"type": "Point", "coordinates": [116.276721, 39.914343]}}, {"type": "Feature", "properties": {"node_id": 2421}, "geometry": {"type": "Point", "coordinates": [116.280707, 39.912873]}}, {"type": "Feature", "properties": {"node_id": 2423}, "geometry": {"type": "Point", "coordinates": [116.264678, 39.904548]}}, {"type": "Feature", "properties": {"node_id": 2428}, "geometry": {"type": "Point", "coordinates": [116.310394, 39.904628]}}, {"type": "Feature", "properties": {"node_id": 2430}, "geometry": {"type": "Point", "coordinates": [116.295604, 39.918345]}}, {"type": "Feature", "properties": {"node_id": 2431}, "geometry": {"type": "Point", "coordinates": [116.276324, 39.88037]}}, {"type": "Feature", "properties": {"node_id": 2432}, "geometry": {"type": "Point", "coordinates": [116.241585, 39.885719]}}, {"type": "Feature", "properties": {"node_id": 2433}, "geometry": {"type": "Point", "coordinates": [116.249561, 39.90737]}}, {"type": "Feature", "properties": {"node_id": 2436}, "geometry": {"type": "Point", "coordinates": [116.264678, 39.905411]}}, {"type": "Feature", "properties": {"node_id": 2440}, "geometry": {"type": "Point", "coordinates": [116.278256, 39.860511]}}, {"type": "Feature", "properties": {"node_id": 2443}, "geometry": {"type": "Point", "coordinates": [116.294912, 39.912911]}}, {"type": "Feature", "properties": {"node_id": 2445}, "geometry": {"type": "Point", "coordinates": [116.240581, 39.882178]}}, {"type": "Feature", "properties": {"node_id": 2453}, "geometry": {"type": "Point", "coordinates": [116.26797, 39.867239]}}, {"type": "Feature", "properties": {"node_id": 2459}, "geometry": {"type": "Point", "coordinates": [116.275428, 39.896861]}}, {"type": "Feature", "properties": {"node_id": 2464}, "geometry": {"type": "Point", "coordinates": [116.261567, 39.924284]}}, {"type": "Feature", "properties": {"node_id": 2466}, "geometry": {"type": "Point", "coordinates": [116.299906, 39.923871]}}, {"type": "Feature", "properties": {"node_id": 2470}, "geometry": {"type": "Point", "coordinates": [116.301248, 39.932266]}}, {"type": "Feature", "properties": {"node_id": 2478}, "geometry": {"type": "Point", "coordinates": [116.261856, 39.907402]}}, {"type": "Feature", "properties": {"node_id": 2480}, "geometry": {"type": "Point", "coordinates": [116.255011, 39.872216]}}, {"type": "Feature", "properties": {"node_id": 2485}, "geometry": {"type": "Point", "coordinates": [116.264592, 39.899731]}}, {"type": "Feature", "properties": {"node_id": 2488}, "geometry": {"type": "Point", "coordinates": [116.242781, 39.897188]}}, {"type": "Feature", "properties": {"node_id": 2489}, "geometry": {"type": "Point", "coordinates": [116.250066, 39.889522]}}, {"type": "Feature", "properties": {"node_id": 2495}, "geometry": {"type": "Point", "coordinates": [116.291136, 39.924171]}}, {"type": "Feature", "properties": {"node_id": 2496}, "geometry": {"type": "Point", "coordinates": [116.279296, 39.912868]}}, {"type": "Feature", "properties": {"node_id": 2497}, "geometry": {"type": "Point", "coordinates": [116.281705, 39.917696]}}, {"type": "Feature", "properties": {"node_id": 2498}, "geometry": {"type": "Point", "coordinates": [116.283556, 39.865908]}}, {"type": "Feature", "properties": {"node_id": 2499}, "geometry": {"type": "Point", "coordinates": [116.27773, 39.897392]}}, {"type": "Feature", "properties": {"node_id": 2505}, "geometry": {"type": "Point", "coordinates": [116.283534, 39.918313]}}, {"type": "Feature", "properties": {"node_id": 2506}, "geometry": {"type": "Point", "coordinates": [116.280026, 39.924402]}}, {"type": "Feature", "properties": {"node_id": 2512}, "geometry": {"type": "Point", "coordinates": [116.286259, 39.86579]}}, {"type": "Feature", "properties": {"node_id": 2513}, "geometry": {"type": "Point", "coordinates": [116.211297, 39.91665]}}, {"type": "Feature", "properties": {"node_id": 2516}, "geometry": {"type": "Point", "coordinates": [116.284194, 39.883074]}}, {"type": "Feature", "properties": {"node_id": 2521}, "geometry": {"type": "Point", "coordinates": [116.235979, 39.894693]}}, {"type": "Feature", "properties": {"node_id": 2531}, "geometry": {"type": "Point", "coordinates": [116.263997, 39.924284]}}, {"type": "Feature", "properties": {"node_id": 2539}, "geometry": {"type": "Point", "coordinates": [116.233495, 39.892575]}}, {"type": "Feature", "properties": {"node_id": 2542}, "geometry": {"type": "Point", "coordinates": [116.260344, 39.896898]}}, {"type": "Feature", "properties": {"node_id": 2543}, "geometry": {"type": "Point", "coordinates": [116.277488, 39.900235]}}, {"type": "Feature", "properties": {"node_id": 2549}, "geometry": {"type": "Point", "coordinates": [116.252775, 39.925657]}}, {"type": "Feature", "properties": {"node_id": 2551}, "geometry": {"type": "Point", "coordinates": [116.294901, 39.909998]}}, {"type": "Feature", "properties": {"node_id": 2563}, "geometry": {"type": "Point", "coordinates": [116.310431, 39.89552]}}, {"type": "Feature", "properties": {"node_id": 2565}, "geometry": {"type": "Point", "coordinates": [116.253005, 39.917685]}}, {"type": "Feature", "properties": {"node_id": 2566}, "geometry": {"type": "Point", "coordinates": [116.273905, 39.944245]}}, {"type": "Feature", "properties": {"node_id": 2574}, "geometry": {"type": "Point", "coordinates": [116.309986, 39.917106]}}, {"type": "Feature", "properties": {"node_id": 2575}, "geometry": {"type": "Point", "coordinates": [116.253027, 39.88021]}}, {"type": "Feature", "properties": {"node_id": 2579}, "geometry": {"type": "Point", "coordinates": [116.274806, 39.924316]}}, {"type": "Feature", "properties": {"node_id": 2580}, "geometry": {"type": "Point", "coordinates": [116.309922, 39.929659]}}, {"type": "Feature", "properties": {"node_id": 2581}, "geometry": {"type": "Point", "coordinates": [116.233468, 39.91333]}}, {"type": "Feature", "properties": {"node_id": 2584}, "geometry": {"type": "Point", "coordinates": [116.231274, 39.879501]}}, {"type": "Feature", "properties": {"node_id": 2585}, "geometry": {"type": "Point", "coordinates": [116.281018, 39.907402]}}, {"type": "Feature", "properties": {"node_id": 2586}, "geometry": {"type": "Point", "coordinates": [116.253011, 39.912841]}}, {"type": "Feature", "properties": {"node_id": 2587}, "geometry": {"type": "Point", "coordinates": [116.292815, 39.907418]}}, {"type": "Feature", "properties": {"node_id": 2588}, "geometry": {"type": "Point", "coordinates": [116.31424, 39.882414]}}, {"type": "Feature", "properties": {"node_id": 2595}, "geometry": {"type": "Point", "coordinates": [116.272462, 39.898331]}}, {"type": "Feature", "properties": {"node_id": 2596}, "geometry": {"type": "Point", "coordinates": [116.273792, 39.880558]}}, {"type": "Feature", "properties": {"node_id": 2605}, "geometry": {"type": "Point", "coordinates": [116.267452, 39.883616]}}, {"type": "Feature", "properties": {"node_id": 2608}, "geometry": {"type": "Point", "coordinates": [116.241209, 39.885724]}}, {"type": "Feature", "properties": {"node_id": 2609}, "geometry": {"type": "Point", "coordinates": [116.240453, 39.879614]}}, {"type": "Feature", "properties": {"node_id": 2623}, "geometry": {"type": "Point", "coordinates": [116.293431, 39.89707]}}, {"type": "Feature", "properties": {"node_id": 2624}, "geometry": {"type": "Point", "coordinates": [116.266073, 39.869218]}}, {"type": "Feature", "properties": {"node_id": 2625}, "geometry": {"type": "Point", "coordinates": [116.253134, 39.925893]}}, {"type": "Feature", "properties": {"node_id": 2627}, "geometry": {"type": "Point", "coordinates": [116.249545, 39.862426]}}, {"type": "Feature", "properties": {"node_id": 2628}, "geometry": {"type": "Point", "coordinates": [116.266881, 39.86804]}}, {"type": "Feature", "properties": {"node_id": 2629}, "geometry": {"type": "Point", "coordinates": [116.260026, 39.897943]}}, {"type": "Feature", "properties": {"node_id": 2631}, "geometry": {"type": "Point", "coordinates": [116.280375, 39.886711]}}, {"type": "Feature", "properties": {"node_id": 2639}, "geometry": {"type": "Point", "coordinates": [116.306419, 39.882779]}}, {"type": "Feature", "properties": {"node_id": 2644}, "geometry": {"type": "Point", "coordinates": [116.242545, 39.917261]}}, {"type": "Feature", "properties": {"node_id": 2648}, "geometry": {"type": "Point", "coordinates": [116.245114, 39.89089]}}, {"type": "Feature", "properties": {"node_id": 2651}, "geometry": {"type": "Point", "coordinates": [116.281179, 39.883165]}}, {"type": "Feature", "properties": {"node_id": 2659}, "geometry": {"type": "Point", "coordinates": [116.252463, 39.921789]}}, {"type": "Feature", "properties": {"node_id": 2660}, "geometry": {"type": "Point", "coordinates": [116.302111, 39.898518]}}, {"type": "Feature", "properties": {"node_id": 2662}, "geometry": {"type": "Point", "coordinates": [116.270869, 39.907488]}}, {"type": "Feature", "properties": {"node_id": 2663}, "geometry": {"type": "Point", "coordinates": [116.266733, 39.907482]}}, {"type": "Feature", "properties": {"node_id": 2669}, "geometry": {"type": "Point", "coordinates": [116.274645, 39.934723]}}, {"type": "Feature", "properties": {"node_id": 2674}, "geometry": {"type": "Point", "coordinates": [116.311703, 39.884909]}}, {"type": "Feature", "properties": {"node_id": 2676}, "geometry": {"type": "Point", "coordinates": [116.279296, 39.864867]}}, {"type": "Feature", "properties": {"node_id": 2677}, "geometry": {"type": "Point", "coordinates": [116.31012, 39.924809]}}, {"type": "Feature", "properties": {"node_id": 2681}, "geometry": {"type": "Point", "coordinates": [116.279602, 39.932346]}}, {"type": "Feature", "properties": {"node_id": 2685}, "geometry": {"type": "Point", "coordinates": [116.283068, 39.917621]}}, {"type": "Feature", "properties": {"node_id": 2686}, "geometry": {"type": "Point", "coordinates": [116.264673, 39.893932]}}, {"type": "Feature", "properties": {"node_id": 2691}, "geometry": {"type": "Point", "coordinates": [116.2661, 39.924412]}}, {"type": "Feature", "properties": {"node_id": 2694}, "geometry": {"type": "Point", "coordinates": [116.212783, 39.866573]}}, {"type": "Feature", "properties": {"node_id": 2696}, "geometry": {"type": "Point", "coordinates": [116.264716, 39.880794]}}, {"type": "Feature", "properties": {"node_id": 2697}, "geometry": {"type": "Point", "coordinates": [116.281903, 39.90023]}}, {"type": "Feature", "properties": {"node_id": 2703}, "geometry": {"type": "Point", "coordinates": [116.22047, 39.889216]}}, {"type": "Feature", "properties": {"node_id": 2707}, "geometry": {"type": "Point", "coordinates": [116.274361, 39.942608]}}, {"type": "Feature", "properties": {"node_id": 2710}, "geometry": {"type": "Point", "coordinates": [116.27413, 39.907311]}}, {"type": "Feature", "properties": {"node_id": 2715}, "geometry": {"type": "Point", "coordinates": [116.294016, 39.932137]}}, {"type": "Feature", "properties": {"node_id": 2717}, "geometry": {"type": "Point", "coordinates": [116.290653, 39.897241]}}, {"type": "Feature", "properties": {"node_id": 2721}, "geometry": {"type": "Point", "coordinates": [116.27376, 39.911661]}}, {"type": "Feature", "properties": {"node_id": 2723}, "geometry": {"type": "Point", "coordinates": [116.273889, 39.896453]}}, {"type": "Feature", "properties": {"node_id": 2728}, "geometry": {"type": "Point", "coordinates": [116.271577, 39.869073]}}, {"type": "Feature", "properties": {"node_id": 2730}, "geometry": {"type": "Point", "coordinates": [116.283352, 39.897247]}}, {"type": "Feature", "properties": {"node_id": 2731}, "geometry": {"type": "Point", "coordinates": [116.233066, 39.892135]}}, {"type": "Feature", "properties": {"node_id": 2738}, "geometry": {"type": "Point", "coordinates": [116.274082, 39.938623]}}, {"type": "Feature", "properties": {"node_id": 2739}, "geometry": {"type": "Point", "coordinates": [116.273304, 39.914917]}}, {"type": "Feature", "properties": {"node_id": 2746}, "geometry": {"type": "Point", "coordinates": [116.23798, 39.916677]}}, {"type": "Feature", "properties": {"node_id": 2750}, "geometry": {"type": "Point", "coordinates": [116.231328, 39.877297]}}, {"type": "Feature", "properties": {"node_id": 2751}, "geometry": {"type": "Point", "coordinates": [116.274307, 39.902011]}}, {"type": "Feature", "properties": {"node_id": 2754}, "geometry": {"type": "Point", "coordinates": [116.296773, 39.907423]}}, {"type": "Feature", "properties": {"node_id": 2761}, "geometry": {"type": "Point", "coordinates": [116.235163, 39.874593]}}, {"type": "Feature", "properties": {"node_id": 2764}, "geometry": {"type": "Point", "coordinates": [116.247351, 39.916098]}}, {"type": "Feature", "properties": {"node_id": 2767}, "geometry": {"type": "Point", "coordinates": [116.248166, 39.927218]}}, {"type": "Feature", "properties": {"node_id": 2775}, "geometry": {"type": "Point", "coordinates": [116.245071, 39.915722]}}, {"type": "Feature", "properties": {"node_id": 2776}, "geometry": {"type": "Point", "coordinates": [116.31049, 39.908485]}}, {"type": "Feature", "properties": {"node_id": 2780}, "geometry": {"type": "Point", "coordinates": [116.282703, 39.874577]}}, {"type": "Feature", "properties": {"node_id": 2781}, "geometry": {"type": "Point", "coordinates": [116.2753, 39.921666]}}, {"type": "Feature", "properties": {"node_id": 2782}, "geometry": {"type": "Point", "coordinates": [116.268777, 39.89721]}}, {"type": "Feature", "properties": {"node_id": 2785}, "geometry": {"type": "Point", "coordinates": [116.230019, 39.892832]}}, {"type": "Feature", "properties": {"node_id": 2793}, "geometry": {"type": "Point", "coordinates": [116.303758, 39.923903]}}, {"type": "Feature", "properties": {"node_id": 2795}, "geometry": {"type": "Point", "coordinates": [116.271325, 39.865243]}}, {"type": "Feature", "properties": {"node_id": 2796}, "geometry": {"type": "Point", "coordinates": [116.238537, 39.85894]}}, {"type": "Feature", "properties": {"node_id": 2797}, "geometry": {"type": "Point", "coordinates": [116.311188, 39.886019]}}, {"type": "Feature", "properties": {"node_id": 2801}, "geometry": {"type": "Point", "coordinates": [116.267559, 39.912868]}}, {"type": "Feature", "properties": {"node_id": 2805}, "geometry": {"type": "Point", "coordinates": [116.287166, 39.865828]}}, {"type": "Feature", "properties": {"node_id": 2807}, "geometry": {"type": "Point", "coordinates": [116.273299, 39.914746]}}, {"type": "Feature", "properties": {"node_id": 2810}, "geometry": {"type": "Point", "coordinates": [116.289494, 39.89693]}}, {"type": "Feature", "properties": {"node_id": 2814}, "geometry": {"type": "Point", "coordinates": [116.235351, 39.893358]}}, {"type": "Feature", "properties": {"node_id": 2817}, "geometry": {"type": "Point", "coordinates": [116.260499, 39.897065]}}, {"type": "Feature", "properties": {"node_id": 2819}, "geometry": {"type": "Point", "coordinates": [116.264501, 39.885815]}}, {"type": "Feature", "properties": {"node_id": 2824}, "geometry": {"type": "Point", "coordinates": [116.264651, 39.885284]}}, {"type": "Feature", "properties": {"node_id": 2838}, "geometry": {"type": "Point", "coordinates": [116.2647, 39.900219]}}, {"type": "Feature", "properties": {"node_id": 2841}, "geometry": {"type": "Point", "coordinates": [116.284468, 39.87381]}}, {"type": "Feature", "properties": {"node_id": 2853}, "geometry": {"type": "Point", "coordinates": [116.2784, 39.897048]}}, {"type": "Feature", "properties": {"node_id": 2854}, "geometry": {"type": "Point", "coordinates": [116.253086, 39.896764]}}, {"type": "Feature", "properties": {"node_id": 2856}, "geometry": {"type": "Point", "coordinates": [116.290953, 39.896823]}}, {"type": "Feature", "properties": {"node_id": 2857}, "geometry": {"type": "Point", "coordinates": [116.276099, 39.88037]}}, {"type": "Feature", "properties": {"node_id": 2859}, "geometry": {"type": "Point", "coordinates": [116.241252, 39.876293]}}, {"type": "Feature", "properties": {"node_id": 2860}, "geometry": {"type": "Point", "coordinates": [116.294901, 39.898926]}}, {"type": "Feature", "properties": {"node_id": 2861}, "geometry": {"type": "Point", "coordinates": [116.276877, 39.878842]}}, {"type": "Feature", "properties": {"node_id": 2864}, "geometry": {"type": "Point", "coordinates": [116.26492, 39.866074]}}, {"type": "Feature", "properties": {"node_id": 2865}, "geometry": {"type": "Point", "coordinates": [116.276587, 39.880338]}}, {"type": "Feature", "properties": {"node_id": 2866}, "geometry": {"type": "Point", "coordinates": [116.297643, 39.922808]}}, {"type": "Feature", "properties": {"node_id": 2880}, "geometry": {"type": "Point", "coordinates": [116.208207, 39.875028]}}, {"type": "Feature", "properties": {"node_id": 2892}, "geometry": {"type": "Point", "coordinates": [116.283438, 39.897166]}}, {"type": "Feature", "properties": {"node_id": 2893}, "geometry": {"type": "Point", "coordinates": [116.228383, 39.913485]}}, {"type": "Feature", "properties": {"node_id": 2898}, "geometry": {"type": "Point", "coordinates": [116.233532, 39.924616]}}, {"type": "Feature", "properties": {"node_id": 2902}, "geometry": {"type": "Point", "coordinates": [116.278046, 39.88949]}}, {"type": "Feature", "properties": {"node_id": 2904}, "geometry": {"type": "Point", "coordinates": [116.267908, 39.907488]}}, {"type": "Feature", "properties": {"node_id": 2909}, "geometry": {"type": "Point", "coordinates": [116.253032, 39.897134]}}, {"type": "Feature", "properties": {"node_id": 2911}, "geometry": {"type": "Point", "coordinates": [116.284811, 39.924305]}}, {"type": "Feature", "properties": {"node_id": 2916}, "geometry": {"type": "Point", "coordinates": [116.274307, 39.888905]}}, {"type": "Feature", "properties": {"node_id": 2918}, "geometry": {"type": "Point", "coordinates": [116.283336, 39.914241]}}, {"type": "Feature", "properties": {"node_id": 2927}, "geometry": {"type": "Point", "coordinates": [116.264587, 39.894908]}}, {"type": "Feature", "properties": {"node_id": 2928}, "geometry": {"type": "Point", "coordinates": [116.227009, 39.911629]}}, {"type": "Feature", "properties": {"node_id": 2929}, "geometry": {"type": "Point", "coordinates": [116.251739, 39.921585]}}, {"type": "Feature", "properties": {"node_id": 2932}, "geometry": {"type": "Point", "coordinates": [116.252758, 39.863698]}}, {"type": "Feature", "properties": {"node_id": 2936}, "geometry": {"type": "Point", "coordinates": [116.252968, 39.914982]}}, {"type": "Feature", "properties": {"node_id": 2940}, "geometry": {"type": "Point", "coordinates": [116.252807, 39.890842]}}, {"type": "Feature", "properties": {"node_id": 2941}, "geometry": {"type": "Point", "coordinates": [116.241236, 39.918231]}}, {"type": "Feature", "properties": {"node_id": 2942}, "geometry": {"type": "Point", "coordinates": [116.252812, 39.882409]}}, {"type": "Feature", "properties": {"node_id": 2946}, "geometry": {"type": "Point", "coordinates": [116.28546, 39.865296]}}, {"type": "Feature", "properties": {"node_id": 2947}, "geometry": {"type": "Point", "coordinates": [116.295095, 39.900605]}}, {"type": "Feature", "properties": {"node_id": 2956}, "geometry": {"type": "Point", "coordinates": [116.274168, 39.899425]}}, {"type": "Feature", "properties": {"node_id": 2957}, "geometry": {"type": "Point", "coordinates": [116.287568, 39.889608]}}, {"type": "Feature", "properties": {"node_id": 2961}, "geometry": {"type": "Point", "coordinates": [116.273293, 39.914617]}}, {"type": "Feature", "properties": {"node_id": 2966}, "geometry": {"type": "Point", "coordinates": [116.274431, 39.936777]}}, {"type": "Feature", "properties": {"node_id": 2967}, "geometry": {"type": "Point", "coordinates": [116.262221, 39.924386]}}, {"type": "Feature", "properties": {"node_id": 2969}, "geometry": {"type": "Point", "coordinates": [116.274045, 39.940538]}}, {"type": "Feature", "properties": {"node_id": 2970}, "geometry": {"type": "Point", "coordinates": [116.280069, 39.85961]}}, {"type": "Feature", "properties": {"node_id": 2972}, "geometry": {"type": "Point", "coordinates": [116.303876, 39.881846]}}, {"type": "Feature", "properties": {"node_id": 2973}, "geometry": {"type": "Point", "coordinates": [116.284564, 39.922739]}}, {"type": "Feature", "properties": {"node_id": 2976}, "geometry": {"type": "Point", "coordinates": [116.274302, 39.889291]}}, {"type": "Feature", "properties": {"node_id": 2979}, "geometry": {"type": "Point", "coordinates": [116.276469, 39.88058]}}, {"type": "Feature", "properties": {"node_id": 2987}, "geometry": {"type": "Point", "coordinates": [116.270633, 39.896678]}}, {"type": "Feature", "properties": {"node_id": 2990}, "geometry": {"type": "Point", "coordinates": [116.269662, 39.86755]}}, {"type": "Feature", "properties": {"node_id": 2991}, "geometry": {"type": "Point", "coordinates": [116.286678, 39.865388]}}, {"type": "Feature", "properties": {"node_id": 2992}, "geometry": {"type": "Point", "coordinates": [116.255296, 39.917664]}}, {"type": "Feature", "properties": {"node_id": 3004}, "geometry": {"type": "Point", "coordinates": [116.28237, 39.910089]}}, {"type": "Feature", "properties": {"node_id": 3006}, "geometry": {"type": "Point", "coordinates": [116.278127, 39.860528]}}, {"type": "Feature", "properties": {"node_id": 3007}, "geometry": {"type": "Point", "coordinates": [116.235018, 39.909768]}}, {"type": "Feature", "properties": {"node_id": 3012}, "geometry": {"type": "Point", "coordinates": [116.270161, 39.871476]}}, {"type": "Feature", "properties": {"node_id": 3016}, "geometry": {"type": "Point", "coordinates": [116.227249, 39.889288]}}, {"type": "Feature", "properties": {"node_id": 3023}, "geometry": {"type": "Point", "coordinates": [116.278358, 39.874368]}}, {"type": "Feature", "properties": {"node_id": 3026}, "geometry": {"type": "Point", "coordinates": [116.224016, 39.889179]}}, {"type": "Feature", "properties": {"node_id": 3027}, "geometry": {"type": "Point", "coordinates": [116.307556, 39.88029]}}, {"type": "Feature", "properties": {"node_id": 3030}, "geometry": {"type": "Point", "coordinates": [116.250613, 39.910615]}}, {"type": "Feature", "properties": {"node_id": 3032}, "geometry": {"type": "Point", "coordinates": [116.30886, 39.897108]}}, {"type": "Feature", "properties": {"node_id": 3033}, "geometry": {"type": "Point", "coordinates": [116.274833, 39.917905]}}, {"type": "Feature", "properties": {"node_id": 3034}, "geometry": {"type": "Point", "coordinates": [116.273411, 39.916151]}}, {"type": "Feature", "properties": {"node_id": 3036}, "geometry": {"type": "Point", "coordinates": [116.295685, 39.918351]}}, {"type": "Feature", "properties": {"node_id": 3041}, "geometry": {"type": "Point", "coordinates": [116.286104, 39.91856]}}, {"type": "Feature", "properties": {"node_id": 3042}, "geometry": {"type": "Point", "coordinates": [116.273073, 39.920888]}}, {"type": "Feature", "properties": {"node_id": 3043}, "geometry": {"type": "Point", "coordinates": [116.275225, 39.917605]}}, {"type": "Feature", "properties": {"node_id": 3045}, "geometry": {"type": "Point", "coordinates": [116.247255, 39.872206]}}, {"type": "Feature", "properties": {"node_id": 3048}, "geometry": {"type": "Point", "coordinates": [116.264619, 39.877243]}}, {"type": "Feature", "properties": {"node_id": 3050}, "geometry": {"type": "Point", "coordinates": [116.211925, 39.867689]}}, {"type": "Feature", "properties": {"node_id": 3051}, "geometry": {"type": "Point", "coordinates": [116.311815, 39.885005]}}, {"type": "Feature", "properties": {"node_id": 3053}, "geometry": {"type": "Point", "coordinates": [116.250623, 39.907992]}}, {"type": "Feature", "properties": {"node_id": 3057}, "geometry": {"type": "Point", "coordinates": [116.275031, 39.929133]}}, {"type": "Feature", "properties": {"node_id": 3058}, "geometry": {"type": "Point", "coordinates": [116.259925, 39.919504]}}, {"type": "Feature", "properties": {"node_id": 3061}, "geometry": {"type": "Point", "coordinates": [116.253059, 39.868183]}}, {"type": "Feature", "properties": {"node_id": 3063}, "geometry": {"type": "Point", "coordinates": [116.245061, 39.876664]}}, {"type": "Feature", "properties": {"node_id": 3067}, "geometry": {"type": "Point", "coordinates": [116.276861, 39.900235]}}, {"type": "Feature", "properties": {"node_id": 3072}, "geometry": {"type": "Point", "coordinates": [116.210551, 39.887688]}}, {"type": "Feature", "properties": {"node_id": 3078}, "geometry": {"type": "Point", "coordinates": [116.275373, 39.925059]}}, {"type": "Feature", "properties": {"node_id": 3080}, "geometry": {"type": "Point", "coordinates": [116.21105, 39.895128]}}, {"type": "Feature", "properties": {"node_id": 3086}, "geometry": {"type": "Point", "coordinates": [116.264598, 39.874169]}}, {"type": "Feature", "properties": {"node_id": 3089}, "geometry": {"type": "Point", "coordinates": [116.267511, 39.896695]}}, {"type": "Feature", "properties": {"node_id": 3094}, "geometry": {"type": "Point", "coordinates": [116.253096, 39.907375]}}, {"type": "Feature", "properties": {"node_id": 3101}, "geometry": {"type": "Point", "coordinates": [116.229123, 39.901812]}}, {"type": "Feature", "properties": {"node_id": 3108}, "geometry": {"type": "Point", "coordinates": [116.293228, 39.93226]}}, {"type": "Feature", "properties": {"node_id": 3109}, "geometry": {"type": "Point", "coordinates": [116.310437, 39.888632]}}, {"type": "Feature", "properties": {"node_id": 3113}, "geometry": {"type": "Point", "coordinates": [116.295095, 39.913689]}}, {"type": "Feature", "properties": {"node_id": 3116}, "geometry": {"type": "Point", "coordinates": [116.238489, 39.925426]}}, {"type": "Feature", "properties": {"node_id": 3123}, "geometry": {"type": "Point", "coordinates": [116.251503, 39.922744]}}, {"type": "Feature", "properties": {"node_id": 3127}, "geometry": {"type": "Point", "coordinates": [116.262232, 39.86668]}}, {"type": "Feature", "properties": {"node_id": 3129}, "geometry": {"type": "Point", "coordinates": [116.264721, 39.907209]}}, {"type": "Feature", "properties": {"node_id": 3137}, "geometry": {"type": "Point", "coordinates": [116.310801, 39.884903]}}, {"type": "Feature", "properties": {"node_id": 3155}, "geometry": {"type": "Point", "coordinates": [116.289435, 39.878686]}}, {"type": "Feature", "properties": {"node_id": 3165}, "geometry": {"type": "Point", "coordinates": [116.231043, 39.873091]}}, {"type": "Feature", "properties": {"node_id": 3168}, "geometry": {"type": "Point", "coordinates": [116.239144, 39.91333]}}, {"type": "Feature", "properties": {"node_id": 3171}, "geometry": {"type": "Point", "coordinates": [116.274243, 39.88706]}}, {"type": "Feature", "properties": {"node_id": 3172}, "geometry": {"type": "Point", "coordinates": [116.227031, 39.908491]}}, {"type": "Feature", "properties": {"node_id": 3178}, "geometry": {"type": "Point", "coordinates": [116.226682, 39.890981]}}, {"type": "Feature", "properties": {"node_id": 3185}, "geometry": {"type": "Point", "coordinates": [116.274141, 39.873268]}}, {"type": "Feature", "properties": {"node_id": 3190}, "geometry": {"type": "Point", "coordinates": [116.25535, 39.925078]}}, {"type": "Feature", "properties": {"node_id": 3212}, "geometry": {"type": "Point", "coordinates": [116.298066, 39.92379]}}, {"type": "Feature", "properties": {"node_id": 3221}, "geometry": {"type": "Point", "coordinates": [116.208749, 39.883643]}}, {"type": "Feature", "properties": {"node_id": 3229}, "geometry": {"type": "Point", "coordinates": [116.272441, 39.880762]}}, {"type": "Feature", "properties": {"node_id": 3239}, "geometry": {"type": "Point", "coordinates": [116.25278, 39.92187]}}, {"type": "Feature", "properties": {"node_id": 3241}, "geometry": {"type": "Point", "coordinates": [116.2201, 39.896732]}}, {"type": "Feature", "properties": {"node_id": 3244}, "geometry": {"type": "Point", "coordinates": [116.273106, 39.871476]}}, {"type": "Feature", "properties": {"node_id": 3250}, "geometry": {"type": "Point", "coordinates": [116.279908, 39.91761]}}, {"type": "Feature", "properties": {"node_id": 3255}, "geometry": {"type": "Point", "coordinates": [116.286173, 39.9215]}}, {"type": "Feature", "properties": {"node_id": 3261}, "geometry": {"type": "Point", "coordinates": [116.259276, 39.885906]}}, {"type": "Feature", "properties": {"node_id": 3264}, "geometry": {"type": "Point", "coordinates": [116.211275, 39.891899]}}, {"type": "Feature", "properties": {"node_id": 3271}, "geometry": {"type": "Point", "coordinates": [116.264721, 39.879802]}}, {"type": "Feature", "properties": {"node_id": 3273}, "geometry": {"type": "Point", "coordinates": [116.269855, 39.897048]}}, {"type": "Feature", "properties": {"node_id": 3277}, "geometry": {"type": "Point", "coordinates": [116.274243, 39.882216]}}, {"type": "Feature", "properties": {"node_id": 3281}, "geometry": {"type": "Point", "coordinates": [116.280342, 39.914215]}}, {"type": "Feature", "properties": {"node_id": 3285}, "geometry": {"type": "Point", "coordinates": [116.252968, 39.897022]}}, {"type": "Feature", "properties": {"node_id": 3288}, "geometry": {"type": "Point", "coordinates": [116.282257, 39.889586]}}, {"type": "Feature", "properties": {"node_id": 3289}, "geometry": {"type": "Point", "coordinates": [116.310678, 39.884217]}}, {"type": "Feature", "properties": {"node_id": 3296}, "geometry": {"type": "Point", "coordinates": [116.267505, 39.865779]}}, {"type": "Feature", "properties": {"node_id": 3302}, "geometry": {"type": "Point", "coordinates": [116.253086, 39.897134]}}, {"type": "Feature", "properties": {"node_id": 3303}, "geometry": {"type": "Point", "coordinates": [116.235555, 39.860109]}}, {"type": "Feature", "properties": {"node_id": 3304}, "geometry": {"type": "Point", "coordinates": [116.243853, 39.887505]}}, {"type": "Feature", "properties": {"node_id": 3305}, "geometry": {"type": "Point", "coordinates": [116.284333, 39.886046]}}, {"type": "Feature", "properties": {"node_id": 3306}, "geometry": {"type": "Point", "coordinates": [116.222804, 39.896743]}}, {"type": "Feature", "properties": {"node_id": 3307}, "geometry": {"type": "Point", "coordinates": [116.252775, 39.912123]}}, {"type": "Feature", "properties": {"node_id": 3309}, "geometry": {"type": "Point", "coordinates": [116.275386, 39.925335]}}, {"type": "Feature", "properties": {"node_id": 3310}, "geometry": {"type": "Point", "coordinates": [116.274581, 39.917718]}}, {"type": "Feature", "properties": {"node_id": 3314}, "geometry": {"type": "Point", "coordinates": [116.297482, 39.927068]}}, {"type": "Feature", "properties": {"node_id": 3318}, "geometry": {"type": "Point", "coordinates": [116.272317, 39.915411]}}, {"type": "Feature", "properties": {"node_id": 3322}, "geometry": {"type": "Point", "coordinates": [116.286098, 39.919579]}}, {"type": "Feature", "properties": {"node_id": 3328}, "geometry": {"type": "Point", "coordinates": [116.226408, 39.91327]}}, {"type": "Feature", "properties": {"node_id": 3330}, "geometry": {"type": "Point", "coordinates": [116.284832, 39.924021]}}, {"type": "Feature", "properties": {"node_id": 3337}, "geometry": {"type": "Point", "coordinates": [116.234686, 39.893063]}}, {"type": "Feature", "properties": {"node_id": 3340}, "geometry": {"type": "Point", "coordinates": [116.273374, 39.915861]}}, {"type": "Feature", "properties": {"node_id": 3360}, "geometry": {"type": "Point", "coordinates": [116.310523, 39.89729]}}, {"type": "Feature", "properties": {"node_id": 3362}, "geometry": {"type": "Point", "coordinates": [116.239541, 39.856145]}}, {"type": "Feature", "properties": {"node_id": 3367}, "geometry": {"type": "Point", "coordinates": [116.251149, 39.908019]}}, {"type": "Feature", "properties": {"node_id": 3368}, "geometry": {"type": "Point", "coordinates": [116.247802, 39.879738]}}, {"type": "Feature", "properties": {"node_id": 3372}, "geometry": {"type": "Point", "coordinates": [116.309595, 39.906028]}}, {"type": "Feature", "properties": {"node_id": 3379}, "geometry": {"type": "Point", "coordinates": [116.273905, 39.903314]}}, {"type": "Feature", "properties": {"node_id": 3380}, "geometry": {"type": "Point", "coordinates": [116.27435, 39.900525]}}, {"type": "Feature", "properties": {"node_id": 3386}, "geometry": {"type": "Point", "coordinates": [116.257002, 39.896882]}}, {"type": "Feature", "properties": {"node_id": 3387}, "geometry": {"type": "Point", "coordinates": [116.253021, 39.891341]}}, {"type": "Feature", "properties": {"node_id": 3392}, "geometry": {"type": "Point", "coordinates": [116.239449, 39.90737]}}, {"type": "Feature", "properties": {"node_id": 3400}, "geometry": {"type": "Point", "coordinates": [116.274801, 39.885365]}}, {"type": "Feature", "properties": {"node_id": 3402}, "geometry": {"type": "Point", "coordinates": [116.283427, 39.901946]}}, {"type": "Feature", "properties": {"node_id": 3403}, "geometry": {"type": "Point", "coordinates": [116.235898, 39.89714]}}, {"type": "Feature", "properties": {"node_id": 3409}, "geometry": {"type": "Point", "coordinates": [116.244658, 39.883825]}}, {"type": "Feature", "properties": {"node_id": 3411}, "geometry": {"type": "Point", "coordinates": [116.299413, 39.907541]}}, {"type": "Feature", "properties": {"node_id": 3412}, "geometry": {"type": "Point", "coordinates": [116.272907, 39.896303]}}, {"type": "Feature", "properties": {"node_id": 3413}, "geometry": {"type": "Point", "coordinates": [116.235678, 39.903749]}}, {"type": "Feature", "properties": {"node_id": 3414}, "geometry": {"type": "Point", "coordinates": [116.277794, 39.900235]}}, {"type": "Feature", "properties": {"node_id": 3418}, "geometry": {"type": "Point", "coordinates": [116.259872, 39.913807]}}, {"type": "Feature", "properties": {"node_id": 3425}, "geometry": {"type": "Point", "coordinates": [116.274372, 39.873214]}}, {"type": "Feature", "properties": {"node_id": 3430}, "geometry": {"type": "Point", "coordinates": [116.283341, 39.898078]}}, {"type": "Feature", "properties": {"node_id": 3441}, "geometry": {"type": "Point", "coordinates": [116.283432, 39.918313]}}, {"type": "Feature", "properties": {"node_id": 3450}, "geometry": {"type": "Point", "coordinates": [116.289864, 39.90752]}}, {"type": "Feature", "properties": {"node_id": 3454}, "geometry": {"type": "Point", "coordinates": [116.274581, 39.8867]}}, {"type": "Feature", "properties": {"node_id": 3458}, "geometry": {"type": "Point", "coordinates": [116.20803, 39.881191]}}, {"type": "Feature", "properties": {"node_id": 3461}, "geometry": {"type": "Point", "coordinates": [116.246665, 39.889522]}}, {"type": "Feature", "properties": {"node_id": 3462}, "geometry": {"type": "Point", "coordinates": [116.311145, 39.881905]}}, {"type": "Feature", "properties": {"node_id": 3467}, "geometry": {"type": "Point", "coordinates": [116.297406, 39.921258]}}, {"type": "Feature", "properties": {"node_id": 3476}, "geometry": {"type": "Point", "coordinates": [116.276298, 39.923597]}}, {"type": "Feature", "properties": {"node_id": 3477}, "geometry": {"type": "Point", "coordinates": [116.273669, 39.92519]}}, {"type": "Feature", "properties": {"node_id": 3487}, "geometry": {"type": "Point", "coordinates": [116.253134, 39.886008]}}, {"type": "Feature", "properties": {"node_id": 3496}, "geometry": {"type": "Point", "coordinates": [116.245458, 39.927025]}}, {"type": "Feature", "properties": {"node_id": 3499}, "geometry": {"type": "Point", "coordinates": [116.246257, 39.877479]}}, {"type": "Feature", "properties": {"node_id": 3501}, "geometry": {"type": "Point", "coordinates": [116.274195, 39.885241]}}, {"type": "Feature", "properties": {"node_id": 3502}, "geometry": {"type": "Point", "coordinates": [116.273696, 39.889002]}}, {"type": "Feature", "properties": {"node_id": 3504}, "geometry": {"type": "Point", "coordinates": [116.266776, 39.897032]}}, {"type": "Feature", "properties": {"node_id": 3514}, "geometry": {"type": "Point", "coordinates": [116.23754, 39.889511]}}, {"type": "Feature", "properties": {"node_id": 3515}, "geometry": {"type": "Point", "coordinates": [116.291656, 39.907429]}}, {"type": "Feature", "properties": {"node_id": 3522}, "geometry": {"type": "Point", "coordinates": [116.276646, 39.912863]}}, {"type": "Feature", "properties": {"node_id": 3523}, "geometry": {"type": "Point", "coordinates": [116.235587, 39.903808]}}, {"type": "Feature", "properties": {"node_id": 3526}, "geometry": {"type": "Point", "coordinates": [116.252834, 39.89714]}}, {"type": "Feature", "properties": {"node_id": 3529}, "geometry": {"type": "Point", "coordinates": [116.229541, 39.897338]}}, {"type": "Feature", "properties": {"node_id": 3533}, "geometry": {"type": "Point", "coordinates": [116.277966, 39.897038]}}, {"type": "Feature", "properties": {"node_id": 3537}, "geometry": {"type": "Point", "coordinates": [116.244846, 39.889656]}}, {"type": "Feature", "properties": {"node_id": 3538}, "geometry": {"type": "Point", "coordinates": [116.281018, 39.900224]}}, {"type": "Feature", "properties": {"node_id": 3539}, "geometry": {"type": "Point", "coordinates": [116.226687, 39.890911]}}, {"type": "Feature", "properties": {"node_id": 3550}, "geometry": {"type": "Point", "coordinates": [116.274796, 39.919858]}}, {"type": "Feature", "properties": {"node_id": 3553}, "geometry": {"type": "Point", "coordinates": [116.261218, 39.897156]}}, {"type": "Feature", "properties": {"node_id": 3561}, "geometry": {"type": "Point", "coordinates": [116.264689, 39.896802]}}, {"type": "Feature", "properties": {"node_id": 3564}, "geometry": {"type": "Point", "coordinates": [116.259893, 39.912117]}}, {"type": "Feature", "properties": {"node_id": 3567}, "geometry": {"type": "Point", "coordinates": [116.267226, 39.917664]}}, {"type": "Feature", "properties": {"node_id": 3572}, "geometry": {"type": "Point", "coordinates": [116.222042, 39.868199]}}, {"type": "Feature", "properties": {"node_id": 3575}, "geometry": {"type": "Point", "coordinates": [116.270386, 39.917573]}}, {"type": "Feature", "properties": {"node_id": 3579}, "geometry": {"type": "Point", "coordinates": [116.284296, 39.864326]}}, {"type": "Feature", "properties": {"node_id": 3581}, "geometry": {"type": "Point", "coordinates": [116.264603, 39.905417]}}, {"type": "Feature", "properties": {"node_id": 3583}, "geometry": {"type": "Point", "coordinates": [116.310002, 39.913506]}}, {"type": "Feature", "properties": {"node_id": 3584}, "geometry": {"type": "Point", "coordinates": [116.30953, 39.908898]}}, {"type": "Feature", "properties": {"node_id": 3587}, "geometry": {"type": "Point", "coordinates": [116.253987, 39.86403]}}, {"type": "Feature", "properties": {"node_id": 3597}, "geometry": {"type": "Point", "coordinates": [116.241075, 39.85887]}}, {"type": "Feature", "properties": {"node_id": 3598}, "geometry": {"type": "Point", "coordinates": [116.302191, 39.910449]}}, {"type": "Feature", "properties": {"node_id": 3601}, "geometry": {"type": "Point", "coordinates": [116.264469, 39.881996]}}, {"type": "Feature", "properties": {"node_id": 3604}, "geometry": {"type": "Point", "coordinates": [116.233978, 39.903958]}}, {"type": "Feature", "properties": {"node_id": 3606}, "geometry": {"type": "Point", "coordinates": [116.253027, 39.889586]}}, {"type": "Feature", "properties": {"node_id": 3608}, "geometry": {"type": "Point", "coordinates": [116.310013, 39.915529]}}, {"type": "Feature", "properties": {"node_id": 3613}, "geometry": {"type": "Point", "coordinates": [116.296441, 39.928935]}}, {"type": "Feature", "properties": {"node_id": 3615}, "geometry": {"type": "Point", "coordinates": [116.225362, 39.896893]}}, {"type": "Feature", "properties": {"node_id": 3616}, "geometry": {"type": "Point", "coordinates": [116.274973, 39.917256]}}, {"type": "Feature", "properties": {"node_id": 3617}, "geometry": {"type": "Point", "coordinates": [116.295073, 39.89721]}}, {"type": "Feature", "properties": {"node_id": 3629}, "geometry": {"type": "Point", "coordinates": [116.276126, 39.889415]}}, {"type": "Feature", "properties": {"node_id": 3630}, "geometry": {"type": "Point", "coordinates": [116.273536, 39.917086]}}, {"type": "Feature", "properties": {"node_id": 3640}, "geometry": {"type": "Point", "coordinates": [116.210991, 39.902917]}}, {"type": "Feature", "properties": {"node_id": 3647}, "geometry": {"type": "Point", "coordinates": [116.241643, 39.897177]}}, {"type": "Feature", "properties": {"node_id": 3649}, "geometry": {"type": "Point", "coordinates": [116.253011, 39.900643]}}, {"type": "Feature", "properties": {"node_id": 3653}, "geometry": {"type": "Point", "coordinates": [116.286522, 39.869947]}}, {"type": "Feature", "properties": {"node_id": 3656}, "geometry": {"type": "Point", "coordinates": [116.234015, 39.911522]}}, {"type": "Feature", "properties": {"node_id": 3657}, "geometry": {"type": "Point", "coordinates": [116.295534, 39.932276]}}, {"type": "Feature", "properties": {"node_id": 3663}, "geometry": {"type": "Point", "coordinates": [116.279897, 39.919761]}}, {"type": "Feature", "properties": {"node_id": 3664}, "geometry": {"type": "Point", "coordinates": [116.256025, 39.907477]}}, {"type": "Feature", "properties": {"node_id": 3670}, "geometry": {"type": "Point", "coordinates": [116.280149, 39.89037]}}, {"type": "Feature", "properties": {"node_id": 3678}, "geometry": {"type": "Point", "coordinates": [116.283438, 39.91768]}}, {"type": "Feature", "properties": {"node_id": 3680}, "geometry": {"type": "Point", "coordinates": [116.286951, 39.924096]}}, {"type": "Feature", "properties": {"node_id": 3684}, "geometry": {"type": "Point", "coordinates": [116.232304, 39.890418]}}, {"type": "Feature", "properties": {"node_id": 3690}, "geometry": {"type": "Point", "coordinates": [116.257452, 39.907477]}}, {"type": "Feature", "properties": {"node_id": 3694}, "geometry": {"type": "Point", "coordinates": [116.274313, 39.903845]}}, {"type": "Feature", "properties": {"node_id": 3699}, "geometry": {"type": "Point", "coordinates": [116.300555, 39.916532]}}, {"type": "Feature", "properties": {"node_id": 3700}, "geometry": {"type": "Point", "coordinates": [116.280342, 39.914343]}}, {"type": "Feature", "properties": {"node_id": 3702}, "geometry": {"type": "Point", "coordinates": [116.259909, 39.917675]}}, {"type": "Feature", "properties": {"node_id": 3705}, "geometry": {"type": "Point", "coordinates": [116.227165, 39.911688]}}, {"type": "Feature", "properties": {"node_id": 3709}, "geometry": {"type": "Point", "coordinates": [116.272543, 39.920351]}}, {"type": "Feature", "properties": {"node_id": 3713}, "geometry": {"type": "Point", "coordinates": [116.24447, 39.878536]}}, {"type": "Feature", "properties": {"node_id": 3714}, "geometry": {"type": "Point", "coordinates": [116.254441, 39.883803]}}, {"type": "Feature", "properties": {"node_id": 3717}, "geometry": {"type": "Point", "coordinates": [116.272119, 39.896946]}}, {"type": "Feature", "properties": {"node_id": 3720}, "geometry": {"type": "Point", "coordinates": [116.250607, 39.907461]}}, {"type": "Feature", "properties": {"node_id": 3722}, "geometry": {"type": "Point", "coordinates": [116.211168, 39.889748]}}, {"type": "Feature", "properties": {"node_id": 3732}, "geometry": {"type": "Point", "coordinates": [116.207756, 39.878976]}}, {"type": "Feature", "properties": {"node_id": 3733}, "geometry": {"type": "Point", "coordinates": [116.221387, 39.90738]}}, {"type": "Feature", "properties": {"node_id": 3736}, "geometry": {"type": "Point", "coordinates": [116.277537, 39.919847]}}, {"type": "Feature", "properties": {"node_id": 3738}, "geometry": {"type": "Point", "coordinates": [116.300083, 39.897086]}}, {"type": "Feature", "properties": {"node_id": 3739}, "geometry": {"type": "Point", "coordinates": [116.297498, 39.925002]}}, {"type": "Feature", "properties": {"node_id": 3743}, "geometry": {"type": "Point", "coordinates": [116.304241, 39.907455]}}, {"type": "Feature", "properties": {"node_id": 3749}, "geometry": {"type": "Point", "coordinates": [116.252834, 39.880574]}}, {"type": "Feature", "properties": {"node_id": 3753}, "geometry": {"type": "Point", "coordinates": [116.274179, 39.911275]}}, {"type": "Feature", "properties": {"node_id": 3758}, "geometry": {"type": "Point", "coordinates": [116.228527, 39.90738]}}, {"type": "Feature", "properties": {"node_id": 3760}, "geometry": {"type": "Point", "coordinates": [116.25191, 39.924225]}}, {"type": "Feature", "properties": {"node_id": 3766}, "geometry": {"type": "Point", "coordinates": [116.284548, 39.917975]}}, {"type": "Feature", "properties": {"node_id": 3767}, "geometry": {"type": "Point", "coordinates": [116.285535, 39.912847]}}, {"type": "Feature", "properties": {"node_id": 3768}, "geometry": {"type": "Point", "coordinates": [116.2329, 39.890193]}}, {"type": "Feature", "properties": {"node_id": 3770}, "geometry": {"type": "Point", "coordinates": [116.29621, 39.92409]}}, {"type": "Feature", "properties": {"node_id": 3771}, "geometry": {"type": "Point", "coordinates": [116.282569, 39.924343]}}, {"type": "Feature", "properties": {"node_id": 3785}, "geometry": {"type": "Point", "coordinates": [116.283041, 39.865253]}}, {"type": "Feature", "properties": {"node_id": 3793}, "geometry": {"type": "Point", "coordinates": [116.234069, 39.892859]}}, {"type": "Feature", "properties": {"node_id": 3794}, "geometry": {"type": "Point", "coordinates": [116.234788, 39.916999]}}, {"type": "Feature", "properties": {"node_id": 3796}, "geometry": {"type": "Point", "coordinates": [116.307154, 39.881282]}}, {"type": "Feature", "properties": {"node_id": 3802}, "geometry": {"type": "Point", "coordinates": [116.218834, 39.92475]}}, {"type": "Feature", "properties": {"node_id": 3813}, "geometry": {"type": "Point", "coordinates": [116.230153, 39.92475]}}, {"type": "Feature", "properties": {"node_id": 3815}, "geometry": {"type": "Point", "coordinates": [116.274323, 39.93865]}}, {"type": "Feature", "properties": {"node_id": 3820}, "geometry": {"type": "Point", "coordinates": [116.263927, 39.89715]}}, {"type": "Feature", "properties": {"node_id": 3822}, "geometry": {"type": "Point", "coordinates": [116.302186, 39.9123]}}, {"type": "Feature", "properties": {"node_id": 3824}, "geometry": {"type": "Point", "coordinates": [116.275214, 39.900235]}}, {"type": "Feature", "properties": {"node_id": 3825}, "geometry": {"type": "Point", "coordinates": [116.282279, 39.900235]}}, {"type": "Feature", "properties": {"node_id": 3835}, "geometry": {"type": "Point", "coordinates": [116.287691, 39.865575]}}, {"type": "Feature", "properties": {"node_id": 3837}, "geometry": {"type": "Point", "coordinates": [116.295084, 39.898803]}}, {"type": "Feature", "properties": {"node_id": 3840}, "geometry": {"type": "Point", "coordinates": [116.267049, 39.865436]}}, {"type": "Feature", "properties": {"node_id": 3843}, "geometry": {"type": "Point", "coordinates": [116.296543, 39.920899]}}, {"type": "Feature", "properties": {"node_id": 3845}, "geometry": {"type": "Point", "coordinates": [116.295588, 39.923935]}}, {"type": "Feature", "properties": {"node_id": 3847}, "geometry": {"type": "Point", "coordinates": [116.241145, 39.877388]}}, {"type": "Feature", "properties": {"node_id": 3850}, "geometry": {"type": "Point", "coordinates": [116.282247, 39.910084]}}, {"type": "Feature", "properties": {"node_id": 3854}, "geometry": {"type": "Point", "coordinates": [116.242555, 39.916559]}}, {"type": "Feature", "properties": {"node_id": 3861}, "geometry": {"type": "Point", "coordinates": [116.284918, 39.924021]}}, {"type": "Feature", "properties": {"node_id": 3866}, "geometry": {"type": "Point", "coordinates": [116.279661, 39.871369]}}, {"type": "Feature", "properties": {"node_id": 3867}, "geometry": {"type": "Point", "coordinates": [116.254963, 39.864583]}}, {"type": "Feature", "properties": {"node_id": 3868}, "geometry": {"type": "Point", "coordinates": [116.250425, 39.896877]}}, {"type": "Feature", "properties": {"node_id": 3873}, "geometry": {"type": "Point", "coordinates": [116.245871, 39.87904]}}, {"type": "Feature", "properties": {"node_id": 3876}, "geometry": {"type": "Point", "coordinates": [116.302116, 39.899758]}}, {"type": "Feature", "properties": {"node_id": 3881}, "geometry": {"type": "Point", "coordinates": [116.280771, 39.896925]}}, {"type": "Feature", "properties": {"node_id": 3887}, "geometry": {"type": "Point", "coordinates": [116.289703, 39.932132]}}, {"type": "Feature", "properties": {"node_id": 3896}, "geometry": {"type": "Point", "coordinates": [116.304466, 39.924182]}}, {"type": "Feature", "properties": {"node_id": 3903}, "geometry": {"type": "Point", "coordinates": [116.306258, 39.882532]}}, {"type": "Feature", "properties": {"node_id": 3909}, "geometry": {"type": "Point", "coordinates": [116.235989, 39.896507]}}, {"type": "Feature", "properties": {"node_id": 3910}, "geometry": {"type": "Point", "coordinates": [116.23386, 39.892773]}}, {"type": "Feature", "properties": {"node_id": 3912}, "geometry": {"type": "Point", "coordinates": [116.209999, 39.923978]}}, {"type": "Feature", "properties": {"node_id": 3923}, "geometry": {"type": "Point", "coordinates": [116.275251, 39.920148]}}, {"type": "Feature", "properties": {"node_id": 3926}, "geometry": {"type": "Point", "coordinates": [116.294059, 39.865168]}}, {"type": "Feature", "properties": {"node_id": 3934}, "geometry": {"type": "Point", "coordinates": [116.266153, 39.869384]}}, {"type": "Feature", "properties": {"node_id": 3935}, "geometry": {"type": "Point", "coordinates": [116.274189, 39.915293]}}, {"type": "Feature", "properties": {"node_id": 3940}, "geometry": {"type": "Point", "coordinates": [116.259963, 39.907477]}}, {"type": "Feature", "properties": {"node_id": 3942}, "geometry": {"type": "Point", "coordinates": [116.267183, 39.917567]}}, {"type": "Feature", "properties": {"node_id": 3945}, "geometry": {"type": "Point", "coordinates": [116.292815, 39.907531]}}, {"type": "Feature", "properties": {"node_id": 3951}, "geometry": {"type": "Point", "coordinates": [116.253134, 39.883798]}}, {"type": "Feature", "properties": {"node_id": 3952}, "geometry": {"type": "Point", "coordinates": [116.234439, 39.892789]}}, {"type": "Feature", "properties": {"node_id": 3955}, "geometry": {"type": "Point", "coordinates": [116.28435, 39.884533]}}, {"type": "Feature", "properties": {"node_id": 3958}, "geometry": {"type": "Point", "coordinates": [116.247973, 39.879893]}}, {"type": "Feature", "properties": {"node_id": 3960}, "geometry": {"type": "Point", "coordinates": [116.296425, 39.920073]}}, {"type": "Feature", "properties": {"node_id": 3961}, "geometry": {"type": "Point", "coordinates": [116.264448, 39.866015]}}, {"type": "Feature", "properties": {"node_id": 3963}, "geometry": {"type": "Point", "coordinates": [116.28524, 39.91856]}}, {"type": "Feature", "properties": {"node_id": 3968}, "geometry": {"type": "Point", "coordinates": [116.244658, 39.90384]}}, {"type": "Feature", "properties": {"node_id": 3970}, "geometry": {"type": "Point", "coordinates": [116.237652, 39.918522]}}, {"type": "Feature", "properties": {"node_id": 3971}, "geometry": {"type": "Point", "coordinates": [116.282069, 39.916157]}}, {"type": "Feature", "properties": {"node_id": 3983}, "geometry": {"type": "Point", "coordinates": [116.233972, 39.90738]}}, {"type": "Feature", "properties": {"node_id": 3984}, "geometry": {"type": "Point", "coordinates": [116.30754, 39.932293]}}, {"type": "Feature", "properties": {"node_id": 3987}, "geometry": {"type": "Point", "coordinates": [116.263267, 39.867796]}}, {"type": "Feature", "properties": {"node_id": 3989}, "geometry": {"type": "Point", "coordinates": [116.295084, 39.907413]}}, {"type": "Feature", "properties": {"node_id": 3990}, "geometry": {"type": "Point", "coordinates": [116.273728, 39.903835]}}, {"type": "Feature", "properties": {"node_id": 3993}, "geometry": {"type": "Point", "coordinates": [116.302106, 39.898148]}}, {"type": "Feature", "properties": {"node_id": 3996}, "geometry": {"type": "Point", "coordinates": [116.274077, 39.91333]}}, {"type": "Feature", "properties": {"node_id": 3998}, "geometry": {"type": "Point", "coordinates": [116.226752, 39.889179]}}, {"type": "Feature", "properties": {"node_id": 3999}, "geometry": {"type": "Point", "coordinates": [116.246836, 39.875795]}}, {"type": "Feature", "properties": {"node_id": 4000}, "geometry": {"type": "Point", "coordinates": [116.256025, 39.897016]}}, {"type": "Feature", "properties": {"node_id": 4001}, "geometry": {"type": "Point", "coordinates": [116.27368, 39.892269]}}, {"type": "Feature", "properties": {"node_id": 4005}, "geometry": {"type": "Point", "coordinates": [116.232615, 39.891158]}}, {"type": "Feature", "properties": {"node_id": 4006}, "geometry": {"type": "Point", "coordinates": [116.241896, 39.903824]}}, {"type": "Feature", "properties": {"node_id": 4010}, "geometry": {"type": "Point", "coordinates": [116.25992, 39.924075]}}, {"type": "Feature", "properties": {"node_id": 4012}, "geometry": {"type": "Point", "coordinates": [116.289424, 39.895408]}}, {"type": "Feature", "properties": {"node_id": 4029}, "geometry": {"type": "Point", "coordinates": [116.274329, 39.91327]}}, {"type": "Feature", "properties": {"node_id": 4031}, "geometry": {"type": "Point", "coordinates": [116.23622, 39.897134]}}, {"type": "Feature", "properties": {"node_id": 4034}, "geometry": {"type": "Point", "coordinates": [116.306365, 39.882903]}}, {"type": "Feature", "properties": {"node_id": 4041}, "geometry": {"type": "Point", "coordinates": [116.283261, 39.917621]}}, {"type": "Feature", "properties": {"node_id": 4050}, "geometry": {"type": "Point", "coordinates": [116.301462, 39.897225]}}, {"type": "Feature", "properties": {"node_id": 4054}, "geometry": {"type": "Point", "coordinates": [116.253086, 39.864138]}}, {"type": "Feature", "properties": {"node_id": 4055}, "geometry": {"type": "Point", "coordinates": [116.308323, 39.907311]}}, {"type": "Feature", "properties": {"node_id": 4056}, "geometry": {"type": "Point", "coordinates": [116.256031, 39.92474]}}, {"type": "Feature", "properties": {"node_id": 4058}, "geometry": {"type": "Point", "coordinates": [116.275289, 39.946047]}}, {"type": "Feature", "properties": {"node_id": 4061}, "geometry": {"type": "Point", "coordinates": [116.232202, 39.873161]}}, {"type": "Feature", "properties": {"node_id": 4067}, "geometry": {"type": "Point", "coordinates": [116.283438, 39.899779]}}, {"type": "Feature", "properties": {"node_id": 4076}, "geometry": {"type": "Point", "coordinates": [116.264705, 39.907402]}}, {"type": "Feature", "properties": {"node_id": 4077}, "geometry": {"type": "Point", "coordinates": [116.308457, 39.907547]}}, {"type": "Feature", "properties": {"node_id": 4078}, "geometry": {"type": "Point", "coordinates": [116.226736, 39.889302]}}, {"type": "Feature", "properties": {"node_id": 4079}, "geometry": {"type": "Point", "coordinates": [116.247335, 39.916232]}}, {"type": "Feature", "properties": {"node_id": 4083}, "geometry": {"type": "Point", "coordinates": [116.253037, 39.906136]}}, {"type": "Feature", "properties": {"node_id": 4086}, "geometry": {"type": "Point", "coordinates": [116.276249, 39.865125]}}, {"type": "Feature", "properties": {"node_id": 4095}, "geometry": {"type": "Point", "coordinates": [116.300829, 39.897097]}}, {"type": "Feature", "properties": {"node_id": 4099}, "geometry": {"type": "Point", "coordinates": [116.307781, 39.923849]}}, {"type": "Feature", "properties": {"node_id": 4104}, "geometry": {"type": "Point", "coordinates": [116.241493, 39.926118]}}, {"type": "Feature", "properties": {"node_id": 4107}, "geometry": {"type": "Point", "coordinates": [116.277386, 39.87698]}}, {"type": "Feature", "properties": {"node_id": 4108}, "geometry": {"type": "Point", "coordinates": [116.309739, 39.907547]}}, {"type": "Feature", "properties": {"node_id": 4109}, "geometry": {"type": "Point", "coordinates": [116.2661, 39.86969]}}, {"type": "Feature", "properties": {"node_id": 4113}, "geometry": {"type": "Point", "coordinates": [116.288083, 39.897241]}}, {"type": "Feature", "properties": {"node_id": 4117}, "geometry": {"type": "Point", "coordinates": [116.229353, 39.899505]}}, {"type": "Feature", "properties": {"node_id": 4118}, "geometry": {"type": "Point", "coordinates": [116.274248, 39.882184]}}, {"type": "Feature", "properties": {"node_id": 4121}, "geometry": {"type": "Point", "coordinates": [116.258407, 39.907391]}}, {"type": "Feature", "properties": {"node_id": 4122}, "geometry": {"type": "Point", "coordinates": [116.2951, 39.911752]}}, {"type": "Feature", "properties": {"node_id": 4124}, "geometry": {"type": "Point", "coordinates": [116.233038, 39.890093]}}, {"type": "Feature", "properties": {"node_id": 4126}, "geometry": {"type": "Point", "coordinates": [116.276389, 39.902858]}}, {"type": "Feature", "properties": {"node_id": 4131}, "geometry": {"type": "Point", "coordinates": [116.253027, 39.882205]}}, {"type": "Feature", "properties": {"node_id": 4134}, "geometry": {"type": "Point", "coordinates": [116.28333, 39.91841]}}, {"type": "Feature", "properties": {"node_id": 4135}, "geometry": {"type": "Point", "coordinates": [116.274511, 39.917128]}}, {"type": "Feature", "properties": {"node_id": 4144}, "geometry": {"type": "Point", "coordinates": [116.253059, 39.876025]}}, {"type": "Feature", "properties": {"node_id": 4147}, "geometry": {"type": "Point", "coordinates": [116.227959, 39.91326]}}, {"type": "Feature", "properties": {"node_id": 4148}, "geometry": {"type": "Point", "coordinates": [116.273755, 39.907386]}}, {"type": "Feature", "properties": {"node_id": 4153}, "geometry": {"type": "Point", "coordinates": [116.253032, 39.887966]}}, {"type": "Feature", "properties": {"node_id": 4156}, "geometry": {"type": "Point", "coordinates": [116.244068, 39.896888]}}, {"type": "Feature", "properties": {"node_id": 4165}, "geometry": {"type": "Point", "coordinates": [116.224676, 39.869384]}}, {"type": "Feature", "properties": {"node_id": 4170}, "geometry": {"type": "Point", "coordinates": [116.275986, 39.861552]}}, {"type": "Feature", "properties": {"node_id": 4171}, "geometry": {"type": "Point", "coordinates": [116.219386, 39.866879]}}, {"type": "Feature", "properties": {"node_id": 4176}, "geometry": {"type": "Point", "coordinates": [116.233978, 39.903899]}}, {"type": "Feature", "properties": {"node_id": 4177}, "geometry": {"type": "Point", "coordinates": [116.239514, 39.908984]}}, {"type": "Feature", "properties": {"node_id": 4182}, "geometry": {"type": "Point", "coordinates": [116.26633, 39.915395]}}, {"type": "Feature", "properties": {"node_id": 4183}, "geometry": {"type": "Point", "coordinates": [116.277515, 39.877163]}}, {"type": "Feature", "properties": {"node_id": 4187}, "geometry": {"type": "Point", "coordinates": [116.255387, 39.872131]}}, {"type": "Feature", "properties": {"node_id": 4190}, "geometry": {"type": "Point", "coordinates": [116.273846, 39.892365]}}, {"type": "Feature", "properties": {"node_id": 4202}, "geometry": {"type": "Point", "coordinates": [116.275203, 39.919461]}}, {"type": "Feature", "properties": {"node_id": 4204}, "geometry": {"type": "Point", "coordinates": [116.310405, 39.902343]}}, {"type": "Feature", "properties": {"node_id": 4207}, "geometry": {"type": "Point", "coordinates": [116.290916, 39.924031]}}, {"type": "Feature", "properties": {"node_id": 4217}, "geometry": {"type": "Point", "coordinates": [116.282231, 39.90965]}}, {"type": "Feature", "properties": {"node_id": 4218}, "geometry": {"type": "Point", "coordinates": [116.25867, 39.896753]}}, {"type": "Feature", "properties": {"node_id": 4221}, "geometry": {"type": "Point", "coordinates": [116.275037, 39.922202]}}, {"type": "Feature", "properties": {"node_id": 4222}, "geometry": {"type": "Point", "coordinates": [116.235013, 39.889511]}}, {"type": "Feature", "properties": {"node_id": 4223}, "geometry": {"type": "Point", "coordinates": [116.28208, 39.867946]}}, {"type": "Feature", "properties": {"node_id": 4224}, "geometry": {"type": "Point", "coordinates": [116.296462, 39.925196]}}, {"type": "Feature", "properties": {"node_id": 4232}, "geometry": {"type": "Point", "coordinates": [116.264673, 39.897134]}}, {"type": "Feature", "properties": {"node_id": 4233}, "geometry": {"type": "Point", "coordinates": [116.297643, 39.925158]}}, {"type": "Feature", "properties": {"node_id": 4234}, "geometry": {"type": "Point", "coordinates": [116.276651, 39.877871]}}, {"type": "Feature", "properties": {"node_id": 4237}, "geometry": {"type": "Point", "coordinates": [116.228742, 39.905503]}}, {"type": "Feature", "properties": {"node_id": 4238}, "geometry": {"type": "Point", "coordinates": [116.279822, 39.889506]}}, {"type": "Feature", "properties": {"node_id": 4239}, "geometry": {"type": "Point", "coordinates": [116.295105, 39.909569]}}, {"type": "Feature", "properties": {"node_id": 4251}, "geometry": {"type": "Point", "coordinates": [116.283266, 39.917691]}}, {"type": "Feature", "properties": {"node_id": 4256}, "geometry": {"type": "Point", "coordinates": [116.293968, 39.896834]}}, {"type": "Feature", "properties": {"node_id": 4258}, "geometry": {"type": "Point", "coordinates": [116.241187, 39.874883]}}, {"type": "Feature", "properties": {"node_id": 4259}, "geometry": {"type": "Point", "coordinates": [116.231778, 39.896753]}}, {"type": "Feature", "properties": {"node_id": 4263}, "geometry": {"type": "Point", "coordinates": [116.297364, 39.907541]}}, {"type": "Feature", "properties": {"node_id": 4266}, "geometry": {"type": "Point", "coordinates": [116.258911, 39.865908]}}, {"type": "Feature", "properties": {"node_id": 4268}, "geometry": {"type": "Point", "coordinates": [116.253037, 39.9218]}}, {"type": "Feature", "properties": {"node_id": 4269}, "geometry": {"type": "Point", "coordinates": [116.215739, 39.924761]}}, {"type": "Feature", "properties": {"node_id": 4276}, "geometry": {"type": "Point", "coordinates": [116.281421, 39.869111]}}, {"type": "Feature", "properties": {"node_id": 4277}, "geometry": {"type": "Point", "coordinates": [116.284307, 39.86535]}}, {"type": "Feature", "properties": {"node_id": 4280}, "geometry": {"type": "Point", "coordinates": [116.245179, 39.88176]}}, {"type": "Feature", "properties": {"node_id": 4294}, "geometry": {"type": "Point", "coordinates": [116.25278, 39.900557]}}, {"type": "Feature", "properties": {"node_id": 4296}, "geometry": {"type": "Point", "coordinates": [116.282853, 39.866181]}}, {"type": "Feature", "properties": {"node_id": 4298}, "geometry": {"type": "Point", "coordinates": [116.271663, 39.872061]}}, {"type": "Feature", "properties": {"node_id": 4299}, "geometry": {"type": "Point", "coordinates": [116.2764, 39.901946]}}, {"type": "Feature", "properties": {"node_id": 4304}, "geometry": {"type": "Point", "coordinates": [116.297739, 39.924058]}}, {"type": "Feature", "properties": {"node_id": 4307}, "geometry": {"type": "Point", "coordinates": [116.294928, 39.892843]}}, {"type": "Feature", "properties": {"node_id": 4308}, "geometry": {"type": "Point", "coordinates": [116.280294, 39.90023]}}, {"type": "Feature", "properties": {"node_id": 4309}, "geometry": {"type": "Point", "coordinates": [116.288679, 39.924208]}}, {"type": "Feature", "properties": {"node_id": 4318}, "geometry": {"type": "Point", "coordinates": [116.247442, 39.8722]}}, {"type": "Feature", "properties": {"node_id": 4319}, "geometry": {"type": "Point", "coordinates": [116.245329, 39.911205]}}, {"type": "Feature", "properties": {"node_id": 4320}, "geometry": {"type": "Point", "coordinates": [116.283336, 39.90399]}}, {"type": "Feature", "properties": {"node_id": 4322}, "geometry": {"type": "Point", "coordinates": [116.239954, 39.897134]}}, {"type": "Feature", "properties": {"node_id": 4330}, "geometry": {"type": "Point", "coordinates": [116.309981, 39.91105]}}, {"type": "Feature", "properties": {"node_id": 4331}, "geometry": {"type": "Point", "coordinates": [116.253021, 39.896764]}}, {"type": "Feature", "properties": {"node_id": 4332}, "geometry": {"type": "Point", "coordinates": [116.302106, 39.90105]}}, {"type": "Feature", "properties": {"node_id": 4333}, "geometry": {"type": "Point", "coordinates": [116.241182, 39.877281]}}, {"type": "Feature", "properties": {"node_id": 4340}, "geometry": {"type": "Point", "coordinates": [116.256953, 39.897022]}}, {"type": "Feature", "properties": {"node_id": 4344}, "geometry": {"type": "Point", "coordinates": [116.255811, 39.886041]}}, {"type": "Feature", "properties": {"node_id": 4364}, "geometry": {"type": "Point", "coordinates": [116.27332, 39.915228]}}, {"type": "Feature", "properties": {"node_id": 4368}, "geometry": {"type": "Point", "coordinates": [116.253048, 39.89883]}}, {"type": "Feature", "properties": {"node_id": 4376}, "geometry": {"type": "Point", "coordinates": [116.230861, 39.891545]}}, {"type": "Feature", "properties": {"node_id": 4386}, "geometry": {"type": "Point", "coordinates": [116.278706, 39.865055]}}, {"type": "Feature", "properties": {"node_id": 4387}, "geometry": {"type": "Point", "coordinates": [116.27766, 39.875006]}}, {"type": "Feature", "properties": {"node_id": 4398}, "geometry": {"type": "Point", "coordinates": [116.283743, 39.875017]}}, {"type": "Feature", "properties": {"node_id": 4402}, "geometry": {"type": "Point", "coordinates": [116.235818, 39.900637]}}, {"type": "Feature", "properties": {"node_id": 4403}, "geometry": {"type": "Point", "coordinates": [116.276855, 39.864958]}}, {"type": "Feature", "properties": {"node_id": 4404}, "geometry": {"type": "Point", "coordinates": [116.231365, 39.896877]}}, {"type": "Feature", "properties": {"node_id": 4413}, "geometry": {"type": "Point", "coordinates": [116.301998, 39.89722]}}, {"type": "Feature", "properties": {"node_id": 4414}, "geometry": {"type": "Point", "coordinates": [116.285583, 39.87204]}}, {"type": "Feature", "properties": {"node_id": 4415}, "geometry": {"type": "Point", "coordinates": [116.264582, 39.893031]}}, {"type": "Feature", "properties": {"node_id": 4418}, "geometry": {"type": "Point", "coordinates": [116.239643, 39.856617]}}, {"type": "Feature", "properties": {"node_id": 4419}, "geometry": {"type": "Point", "coordinates": [116.264657, 39.883616]}}, {"type": "Feature", "properties": {"node_id": 4420}, "geometry": {"type": "Point", "coordinates": [116.244009, 39.889511]}}, {"type": "Feature", "properties": {"node_id": 4421}, "geometry": {"type": "Point", "coordinates": [116.310388, 39.908341]}}, {"type": "Feature", "properties": {"node_id": 4425}, "geometry": {"type": "Point", "coordinates": [116.264689, 39.912841]}}, {"type": "Feature", "properties": {"node_id": 4426}, "geometry": {"type": "Point", "coordinates": [116.235914, 39.894093]}}, {"type": "Feature", "properties": {"node_id": 4429}, "geometry": {"type": "Point", "coordinates": [116.273905, 39.902343]}}, {"type": "Feature", "properties": {"node_id": 4437}, "geometry": {"type": "Point", "coordinates": [116.266314, 39.914703]}}, {"type": "Feature", "properties": {"node_id": 4441}, "geometry": {"type": "Point", "coordinates": [116.239439, 39.910819]}}, {"type": "Feature", "properties": {"node_id": 4446}, "geometry": {"type": "Point", "coordinates": [116.284526, 39.930034]}}, {"type": "Feature", "properties": {"node_id": 4448}, "geometry": {"type": "Point", "coordinates": [116.243156, 39.871927]}}, {"type": "Feature", "properties": {"node_id": 4451}, "geometry": {"type": "Point", "coordinates": [116.251165, 39.910358]}}, {"type": "Feature", "properties": {"node_id": 4458}, "geometry": {"type": "Point", "coordinates": [116.273868, 39.946235]}}, {"type": "Feature", "properties": {"node_id": 4461}, "geometry": {"type": "Point", "coordinates": [116.264566, 39.890772]}}, {"type": "Feature", "properties": {"node_id": 4464}, "geometry": {"type": "Point", "coordinates": [116.273873, 39.873134]}}, {"type": "Feature", "properties": {"node_id": 4465}, "geometry": {"type": "Point", "coordinates": [116.235968, 39.894618]}}, {"type": "Feature", "properties": {"node_id": 4467}, "geometry": {"type": "Point", "coordinates": [116.253011, 39.917562]}}, {"type": "Feature", "properties": {"node_id": 4468}, "geometry": {"type": "Point", "coordinates": [116.274661, 39.914376]}}, {"type": "Feature", "properties": {"node_id": 4472}, "geometry": {"type": "Point", "coordinates": [116.288797, 39.896528]}}, {"type": "Feature", "properties": {"node_id": 4475}, "geometry": {"type": "Point", "coordinates": [116.225427, 39.924788]}}, {"type": "Feature", "properties": {"node_id": 4476}, "geometry": {"type": "Point", "coordinates": [116.295111, 39.916677]}}, {"type": "Feature", "properties": {"node_id": 4479}, "geometry": {"type": "Point", "coordinates": [116.273283, 39.89692]}}, {"type": "Feature", "properties": {"node_id": 4480}, "geometry": {"type": "Point", "coordinates": [116.282054, 39.914343]}}, {"type": "Feature", "properties": {"node_id": 4483}, "geometry": {"type": "Point", "coordinates": [116.234611, 39.896866]}}, {"type": "Feature", "properties": {"node_id": 4484}, "geometry": {"type": "Point", "coordinates": [116.269329, 39.900224]}}, {"type": "Feature", "properties": {"node_id": 4488}, "geometry": {"type": "Point", "coordinates": [116.25713, 39.870623]}}, {"type": "Feature", "properties": {"node_id": 4490}, "geometry": {"type": "Point", "coordinates": [116.284339, 39.886486]}}, {"type": "Feature", "properties": {"node_id": 4496}, "geometry": {"type": "Point", "coordinates": [116.274967, 39.916119]}}, {"type": "Feature", "properties": {"node_id": 4500}, "geometry": {"type": "Point", "coordinates": [116.241289, 39.876444]}}, {"type": "Feature", "properties": {"node_id": 4501}, "geometry": {"type": "Point", "coordinates": [116.301591, 39.881105]}}, {"type": "Feature", "properties": {"node_id": 4502}, "geometry": {"type": "Point", "coordinates": [116.280112, 39.889586]}}, {"type": "Feature", "properties": {"node_id": 4504}, "geometry": {"type": "Point", "coordinates": [116.232481, 39.863757]}}, {"type": "Feature", "properties": {"node_id": 4507}, "geometry": {"type": "Point", "coordinates": [116.264587, 39.896802]}}, {"type": "Feature", "properties": {"node_id": 4509}, "geometry": {"type": "Point", "coordinates": [116.281902, 39.909036]}}, {"type": "Feature", "properties": {"node_id": 4511}, "geometry": {"type": "Point", "coordinates": [116.26758, 39.915438]}}, {"type": "Feature", "properties": {"node_id": 4512}, "geometry": {"type": "Point", "coordinates": [116.236933, 39.875381]}}, {"type": "Feature", "properties": {"node_id": 4513}, "geometry": {"type": "Point", "coordinates": [116.283314, 39.907729]}}, {"type": "Feature", "properties": {"node_id": 4514}, "geometry": {"type": "Point", "coordinates": [116.244197, 39.885671]}}, {"type": "Feature", "properties": {"node_id": 4515}, "geometry": {"type": "Point", "coordinates": [116.26433, 39.872211]}}, {"type": "Feature", "properties": {"node_id": 4525}, "geometry": {"type": "Point", "coordinates": [116.238725, 39.89714]}}, {"type": "Feature", "properties": {"node_id": 4526}, "geometry": {"type": "Point", "coordinates": [116.294928, 39.891013]}}, {"type": "Feature", "properties": {"node_id": 4529}, "geometry": {"type": "Point", "coordinates": [116.28879, 39.880648]}}, {"type": "Feature", "properties": {"node_id": 4536}, "geometry": {"type": "Point", "coordinates": [116.279296, 39.907407]}}, {"type": "Feature", "properties": {"node_id": 4542}, "geometry": {"type": "Point", "coordinates": [116.294832, 39.88963]}}, {"type": "Feature", "properties": {"node_id": 4545}, "geometry": {"type": "Point", "coordinates": [116.276287, 39.900235]}}, {"type": "Feature", "properties": {"node_id": 4549}, "geometry": {"type": "Point", "coordinates": [116.281313, 39.869668]}}, {"type": "Feature", "properties": {"node_id": 4551}, "geometry": {"type": "Point", "coordinates": [116.245586, 39.897102]}}, {"type": "Feature", "properties": {"node_id": 4552}, "geometry": {"type": "Point", "coordinates": [116.266127, 39.868054]}}, {"type": "Feature", "properties": {"node_id": 4554}, "geometry": {"type": "Point", "coordinates": [116.295095, 39.915518]}}, {"type": "Feature", "properties": {"node_id": 4557}, "geometry": {"type": "Point", "coordinates": [116.209634, 39.885676]}}, {"type": "Feature", "properties": {"node_id": 4561}, "geometry": {"type": "Point", "coordinates": [116.235839, 39.903749]}}, {"type": "Feature", "properties": {"node_id": 4564}, "geometry": {"type": "Point", "coordinates": [116.229842, 39.896764]}}, {"type": "Feature", "properties": {"node_id": 4572}, "geometry": {"type": "Point", "coordinates": [116.29783, 39.923897]}}, {"type": "Feature", "properties": {"node_id": 4575}, "geometry": {"type": "Point", "coordinates": [116.302202, 39.90774]}}, {"type": "Feature", "properties": {"node_id": 4576}, "geometry": {"type": "Point", "coordinates": [116.246777, 39.897016]}}, {"type": "Feature", "properties": {"node_id": 4579}, "geometry": {"type": "Point", "coordinates": [116.250736, 39.880016]}}, {"type": "Feature", "properties": {"node_id": 4581}, "geometry": {"type": "Point", "coordinates": [116.292841, 39.912863]}}, {"type": "Feature", "properties": {"node_id": 4583}, "geometry": {"type": "Point", "coordinates": [116.254876, 39.869706]}}, {"type": "Feature", "properties": {"node_id": 4587}, "geometry": {"type": "Point", "coordinates": [116.264673, 39.894849]}}, {"type": "Feature", "properties": {"node_id": 4591}, "geometry": {"type": "Point", "coordinates": [116.300453, 39.924031]}}, {"type": "Feature", "properties": {"node_id": 4595}, "geometry": {"type": "Point", "coordinates": [116.302111, 39.898588]}}, {"type": "Feature", "properties": {"node_id": 4596}, "geometry": {"type": "Point", "coordinates": [116.273127, 39.872651]}}, {"type": "Feature", "properties": {"node_id": 4597}, "geometry": {"type": "Point", "coordinates": [116.27346, 39.916521]}}, {"type": "Feature", "properties": {"node_id": 4607}, "geometry": {"type": "Point", "coordinates": [116.283314, 39.905926]}}, {"type": "Feature", "properties": {"node_id": 4609}, "geometry": {"type": "Point", "coordinates": [116.210975, 39.907257]}}, {"type": "Feature", "properties": {"node_id": 4610}, "geometry": {"type": "Point", "coordinates": [116.283454, 39.90856]}}, {"type": "Feature", "properties": {"node_id": 4612}, "geometry": {"type": "Point", "coordinates": [116.277161, 39.897756]}}, {"type": "Feature", "properties": {"node_id": 4614}, "geometry": {"type": "Point", "coordinates": [116.233307, 39.892424]}}, {"type": "Feature", "properties": {"node_id": 4618}, "geometry": {"type": "Point", "coordinates": [116.256095, 39.897156]}}, {"type": "Feature", "properties": {"node_id": 4619}, "geometry": {"type": "Point", "coordinates": [116.252791, 39.895364]}}, {"type": "Feature", "properties": {"node_id": 4621}, "geometry": {"type": "Point", "coordinates": [116.284548, 39.918313]}}, {"type": "Feature", "properties": {"node_id": 4623}, "geometry": {"type": "Point", "coordinates": [116.24652, 39.872136]}}, {"type": "Feature", "properties": {"node_id": 4625}, "geometry": {"type": "Point", "coordinates": [116.270305, 39.915502]}}, {"type": "Feature", "properties": {"node_id": 4627}, "geometry": {"type": "Point", "coordinates": [116.252796, 39.898819]}}, {"type": "Feature", "properties": {"node_id": 4642}, "geometry": {"type": "Point", "coordinates": [116.293576, 39.879598]}}, {"type": "Feature", "properties": {"node_id": 4644}, "geometry": {"type": "Point", "coordinates": [116.309938, 39.919139]}}, {"type": "Feature", "properties": {"node_id": 4648}, "geometry": {"type": "Point", "coordinates": [116.239734, 39.874126]}}, {"type": "Feature", "properties": {"node_id": 4653}, "geometry": {"type": "Point", "coordinates": [116.276566, 39.874609]}}, {"type": "Feature", "properties": {"node_id": 4654}, "geometry": {"type": "Point", "coordinates": [116.263782, 39.913045]}}, {"type": "Feature", "properties": {"node_id": 4659}, "geometry": {"type": "Point", "coordinates": [116.275761, 39.932298]}}, {"type": "Feature", "properties": {"node_id": 4662}, "geometry": {"type": "Point", "coordinates": [116.23401, 39.861702]}}, {"type": "Feature", "properties": {"node_id": 4664}, "geometry": {"type": "Point", "coordinates": [116.30584, 39.897108]}}, {"type": "Feature", "properties": {"node_id": 4671}, "geometry": {"type": "Point", "coordinates": [116.283341, 39.919649]}}, {"type": "Feature", "properties": {"node_id": 4682}, "geometry": {"type": "Point", "coordinates": [116.282418, 39.868043]}}, {"type": "Feature", "properties": {"node_id": 4684}, "geometry": {"type": "Point", "coordinates": [116.281871, 39.919692]}}, {"type": "Feature", "properties": {"node_id": 4686}, "geometry": {"type": "Point", "coordinates": [116.26758, 39.91474]}}, {"type": "Feature", "properties": {"node_id": 4687}, "geometry": {"type": "Point", "coordinates": [116.2745, 39.914585]}}, {"type": "Feature", "properties": {"node_id": 4691}, "geometry": {"type": "Point", "coordinates": [116.306451, 39.90775]}}, {"type": "Feature", "properties": {"node_id": 4701}, "geometry": {"type": "Point", "coordinates": [116.274527, 39.924337]}}, {"type": "Feature", "properties": {"node_id": 4703}, "geometry": {"type": "Point", "coordinates": [116.294097, 39.86594]}}, {"type": "Feature", "properties": {"node_id": 4704}, "geometry": {"type": "Point", "coordinates": [116.221956, 39.924766]}}, {"type": "Feature", "properties": {"node_id": 4705}, "geometry": {"type": "Point", "coordinates": [116.264448, 39.869095]}}, {"type": "Feature", "properties": {"node_id": 4708}, "geometry": {"type": "Point", "coordinates": [116.309933, 39.930367]}}, {"type": "Feature", "properties": {"node_id": 4712}, "geometry": {"type": "Point", "coordinates": [116.21811, 39.889442]}}, {"type": "Feature", "properties": {"node_id": 4719}, "geometry": {"type": "Point", "coordinates": [116.283518, 39.90752]}}, {"type": "Feature", "properties": {"node_id": 4720}, "geometry": {"type": "Point", "coordinates": [116.302106, 39.907445]}}, {"type": "Feature", "properties": {"node_id": 4721}, "geometry": {"type": "Point", "coordinates": [116.23548, 39.893444]}}, {"type": "Feature", "properties": {"node_id": 4724}, "geometry": {"type": "Point", "coordinates": [116.236247, 39.896759]}}, {"type": "Feature", "properties": {"node_id": 4727}, "geometry": {"type": "Point", "coordinates": [116.241021, 39.897145]}}, {"type": "Feature", "properties": {"node_id": 4729}, "geometry": {"type": "Point", "coordinates": [116.307776, 39.924219]}}, {"type": "Feature", "properties": {"node_id": 4731}, "geometry": {"type": "Point", "coordinates": [116.238511, 39.872125]}}, {"type": "Feature", "properties": {"node_id": 4732}, "geometry": {"type": "Point", "coordinates": [116.264641, 39.882688]}}, {"type": "Feature", "properties": {"node_id": 4733}, "geometry": {"type": "Point", "coordinates": [116.248836, 39.912461]}}, {"type": "Feature", "properties": {"node_id": 4742}, "geometry": {"type": "Point", "coordinates": [116.255264, 39.897016]}}, {"type": "Feature", "properties": {"node_id": 4743}, "geometry": {"type": "Point", "coordinates": [116.246192, 39.897091]}}, {"type": "Feature", "properties": {"node_id": 4746}, "geometry": {"type": "Point", "coordinates": [116.290004, 39.912857]}}, {"type": "Feature", "properties": {"node_id": 4747}, "geometry": {"type": "Point", "coordinates": [116.27515, 39.917063]}}, {"type": "Feature", "properties": {"node_id": 4748}, "geometry": {"type": "Point", "coordinates": [116.245323, 39.881776]}}, {"type": "Feature", "properties": {"node_id": 4749}, "geometry": {"type": "Point", "coordinates": [116.247314, 39.873917]}}, {"type": "Feature", "properties": {"node_id": 4752}, "geometry": {"type": "Point", "coordinates": [116.244272, 39.88589]}}, {"type": "Feature", "properties": {"node_id": 4762}, "geometry": {"type": "Point", "coordinates": [116.252828, 39.89677]}}, {"type": "Feature", "properties": {"node_id": 4765}, "geometry": {"type": "Point", "coordinates": [116.273948, 39.8878]}}, {"type": "Feature", "properties": {"node_id": 160}, "geometry": {"type": "Point", "coordinates": [116.264684, 39.907708]}}, {"type": "Feature", "properties": {"node_id": 1333}, "geometry": {"type": "Point", "coordinates": [116.2646512509268, 39.90749297733369]}}, {"type": "Feature", "properties": {"node_id": 4328}, "geometry": {"type": "Point", "coordinates": [116.2646373621658, 39.90740178662461]}}, {"type": "Feature", "properties": {"node_id": 693}, "geometry": {"type": "Point", "coordinates": [116.264608, 39.907209]}}, {"type": "Feature", "properties": {"node_id": 2216}, "geometry": {"type": "Point", "coordinates": [116.283454, 39.907257]}}, {"type": "Feature", "properties": {"node_id": 2637}, "geometry": {"type": "Point", "coordinates": [116.28331988112949, 39.90742577187196]}}, {"type": "Feature", "properties": {"node_id": 576}, "geometry": {"type": "Point", "coordinates": [116.283245, 39.90752]}}, {"type": "Feature", "properties": {"node_id": 4169}, "geometry": {"type": "Point", "coordinates": [116.294891, 39.90774]}}, {"type": "Feature", "properties": {"node_id": 1953}, "geometry": {"type": "Point", "coordinates": [116.29489100000508, 39.90741300000016]}}, {"type": "Feature", "properties": {"node_id": 2762}, "geometry": {"type": "Point", "coordinates": [116.294891, 39.907268]}}, {"type": "Feature", "properties": {"node_id": 1826}, "geometry": {"type": "Point", "coordinates": [116.295084, 39.90583]}}, {"type": "Feature", "properties": {"node_id": 4205}, "geometry": {"type": "Point", "coordinates": [116.29508686177198, 39.90754101329309]}}, {"type": "Feature", "properties": {"node_id": 2380}, "geometry": {"type": "Point", "coordinates": [116.295089, 39.907745]}}, {"type": "Feature", "properties": {"node_id": 3891}, "geometry": {"type": "Point", "coordinates": [116.253027, 39.907477]}}, {"type": "Feature", "properties": {"node_id": 1482}, "geometry": {"type": "Point", "coordinates": [116.252785, 39.90747700012312]}}, {"type": "Feature", "properties": {"node_id": 4460}, "geometry": {"type": "Point", "coordinates": [116.252667, 39.907477]}}, {"type": "Feature", "properties": {"node_id": 2053}, "geometry": {"type": "Point", "coordinates": [116.273744, 39.907724]}}, {"type": "Feature", "properties": {"node_id": 4198}, "geometry": {"type": "Point", "coordinates": [116.2737508345104, 39.90750401537677]}}, {"type": "Feature", "properties": {"node_id": 4227}, "geometry": {"type": "Point", "coordinates": [116.273755, 39.906002]}}, {"type": "Feature", "properties": {"node_id": 383}, "geometry": {"type": "Point", "coordinates": [116.264324, 39.872152]}}, {"type": "Feature", "properties": {"node_id": 1428}, "geometry": {"type": "Point", "coordinates": [116.26440904969472, 39.872162548865944]}}, {"type": "Feature", "properties": {"node_id": 4540}, "geometry": {"type": "Point", "coordinates": [116.264582, 39.872184]}}, {"type": "Feature", "properties": {"node_id": 4284}, "geometry": {"type": "Point", "coordinates": [116.239696, 39.90745]}}, {"type": "Feature", "properties": {"node_id": 230}, "geometry": {"type": "Point", "coordinates": [116.239562, 39.90745000006531]}}, {"type": "Feature", "properties": {"node_id": 4150}, "geometry": {"type": "Point", "coordinates": [116.237631, 39.907445]}}, {"type": "Feature", "properties": {"node_id": 4381}, "geometry": {"type": "Point", "coordinates": [116.283529, 39.912916]}}, {"type": "Feature", "properties": {"node_id": 4738}, "geometry": {"type": "Point", "coordinates": [116.283432311068, 39.91290445512764]}}, {"type": "Feature", "properties": {"node_id": 4}, "geometry": {"type": "Point", "coordinates": [116.283261, 39.912884]}}, {"type": "Feature", "properties": {"node_id": 163}, "geometry": {"type": "Point", "coordinates": [116.251036, 39.872147]}}, {"type": "Feature", "properties": {"node_id": 282}, "geometry": {"type": "Point", "coordinates": [116.25305303366424, 39.8721425355282]}}, {"type": "Feature", "properties": {"node_id": 2067}, "geometry": {"type": "Point", "coordinates": [116.253171, 39.872141]}}, {"type": "Feature", "properties": {"node_id": 3895}, "geometry": {"type": "Point", "coordinates": [116.301306, 39.897231]}}, {"type": "Feature", "properties": {"node_id": 3871}, "geometry": {"type": "Point", "coordinates": [116.30127379754924, 39.89722142629928]}}]}